ts,out_temp,out_hum,out_wind,out_cloud
2026-03-16 00:00:00+00:00,1.9,75,11.8,5
2026-03-16 01:00:00+00:00,1.3,78,11.7,63
2026-03-16 02:00:00+00:00,1.0,80,11.7,2
2026-03-16 03:00:00+00:00,0.6,83,12.3,16
2026-03-16 04:00:00+00:00,0.1,86,13.1,77
2026-03-16 05:00:00+00:00,1.0,84,12.5,65
2026-03-16 06:00:00+00:00,2.4,81,11.8,37
2026-03-16 07:00:00+00:00,4.4,73,13.4,20
2026-03-16 08:00:00+00:00,5.7,69,13.8,99
2026-03-16 09:00:00+00:00,7.3,62,15.1,59
2026-03-16 10:00:00+00:00,8.3,57,17.6,92
2026-03-16 11:00:00+00:00,8.0,60,17.0,100
2026-03-16 12:00:00+00:00,9.1,54,16.7,100
2026-03-16 13:00:00+00:00,9.2,51,16.3,100
2026-03-16 14:00:00+00:00,8.6,56,14.2,100
2026-03-16 15:00:00+00:00,7.5,62,12.8,100
2026-03-16 16:00:00+00:00,6.4,67,11.3,100
2026-03-16 17:00:00+00:00,5.5,71,11.0,100
2026-03-16 18:00:00+00:00,5.3,77,10.5,100
2026-03-16 19:00:00+00:00,4.5,80,10.8,100
2026-03-16 20:00:00+00:00,3.7,83,10.7,100
2026-03-16 21:00:00+00:00,2.8,88,10.1,100
2026-03-16 22:00:00+00:00,2.2,90,9.8,30
2026-03-16 23:00:00+00:00,1.9,92,9.3,5
2026-03-17 00:00:00+00:00,1.6,93,9.7,100
2026-03-17 01:00:00+00:00,1.7,95,9.3,100
2026-03-17 02:00:00+00:00,2.2,95,8.8,100
2026-03-17 03:00:00+00:00,2.3,96,9.0,100
2026-03-17 04:00:00+00:00,2.1,97,9.2,100
2026-03-17 05:00:00+00:00,1.8,98,9.7,100
2026-03-17 06:00:00+00:00,1.3,99,9.4,100
2026-03-17 07:00:00+00:00,1.6,99,9.7,100
2026-03-17 08:00:00+00:00,2.3,94,9.4,100
2026-03-17 09:00:00+00:00,2.6,93,9.2,100
2026-03-17 10:00:00+00:00,2.9,92,8.7,100
2026-03-17 11:00:00+00:00,3.3,90,8.1,100
2026-03-17 12:00:00+00:00,3.6,89,8.8,100
2026-03-17 13:00:00+00:00,3.8,88,9.0,100
2026-03-17 14:00:00+00:00,3.5,88,7.8,100
2026-03-17 15:00:00+00:00,3.2,91,6.8,100
2026-03-17 16:00:00+00:00,2.8,93,5.9,100
2026-03-17 17:00:00+00:00,2.6,95,6.1,100
2026-03-17 18:00:00+00:00,3.0,96,7.2,100
2026-03-17 19:00:00+00:00,3.0,97,6.5,100
2026-03-17 20:00:00+00:00,2.8,98,6.4,100
2026-03-17 21:00:00+00:00,2.5,98,6.9,100
2026-03-17 22:00:00+00:00,2.3,99,6.6,100
2026-03-17 23:00:00+00:00,2.3,99,6.1,100
2026-03-18 00:00:00+00:00,2.2,98,7.3,100
2026-03-18 01:00:00+00:00,2.3,98,7.3,100
2026-03-18 02:00:00+00:00,2.1,98,6.8,100
2026-03-18 03:00:00+00:00,1.8,99,6.9,100
2026-03-18 04:00:00+00:00,1.6,99,7.8,100
2026-03-18 05:00:00+00:00,2.1,96,7.6,100
2026-03-18 06:00:00+00:00,3.0,93,8.0,100
2026-03-18 07:00:00+00:00,3.8,89,7.9,100
2026-03-18 08:00:00+00:00,4.2,88,7.2,100
2026-03-18 09:00:00+00:00,4.4,87,6.8,100
2026-03-18 10:00:00+00:00,4.9,86,7.0,100
2026-03-18 11:00:00+00:00,5.1,84,7.6,100
2026-03-18 12:00:00+00:00,5.3,83,8.8,100
2026-03-18 13:00:00+00:00,5.2,82,8.3,100
2026-03-18 14:00:00+00:00,5.1,82,8.7,100
2026-03-18 15:00:00+00:00,4.6,85,8.6,100
2026-03-18 16:00:00+00:00,3.8,89,8.9,100
2026-03-18 17:00:00+00:00,3.1,93,9.0,100
2026-03-18 18:00:00+00:00,3.5,96,9.7,74
2026-03-18 19:00:00+00:00,3.0,97,8.6,100
2026-03-18 20:00:00+00:00,3.0,98,7.6,100
2026-03-18 21:00:00+00:00,2.6,99,7.2,100
2026-03-18 22:00:00+00:00,2.5,100,7.9,100
2026-03-18 23:00:00+00:00,2.3,100,8.7,100
2026-03-19 00:00:00+00:00,2.6,99,8.1,100
2026-03-19 01:00:00+00:00,2.8,98,7.3,100
2026-03-19 02:00:00+00:00,2.7,99,8.1,100
2026-03-19 03:00:00+00:00,2.8,99,9.8,100
2026-03-19 04:00:00+00:00,2.6,99,10.2,100
2026-03-19 05:00:00+00:00,2.9,95,11.4,100
2026-03-19 06:00:00+00:00,2.8,97,12.3,100
2026-03-19 07:00:00+00:00,3.9,91,14.8,100
2026-03-19 08:00:00+00:00,4.9,84,13.4,100
2026-03-19 09:00:00+00:00,6.1,78,12.2,100
2026-03-19 10:00:00+00:00,6.1,78,11.3,100
2026-03-19 11:00:00+00:00,6.8,75,12.0,100
2026-03-19 12:00:00+00:00,6.6,75,13.4,100
2026-03-19 13:00:00+00:00,6.1,79,11.7,98
2026-03-19 14:00:00+00:00,6.0,80,10.9,100
2026-03-19 15:00:00+00:00,5.5,82,8.9,61
2026-03-19 16:00:00+00:00,4.1,87,7.5,64
2026-03-19 17:00:00+00:00,2.8,90,7.0,98
2026-03-19 18:00:00+00:00,3.9,94,8.2,90
2026-03-19 19:00:00+00:00,2.7,90,10.0,80
2026-03-19 20:00:00+00:00,2.7,95,11.7,88
2026-03-19 21:00:00+00:00,1.7,90,7.0,97
2026-03-19 22:00:00+00:00,0.9,89,8.9,88
2026-03-19 23:00:00+00:00,0.5,95,4.1,64
2026-03-20 00:00:00+00:00,1.1,95,7.3,45
2026-03-20 01:00:00+00:00,0.6,95,7.3,33
2026-03-20 02:00:00+00:00,0.0,95,7.8,30
2026-03-20 03:00:00+00:00,0.3,95,8.3,64
2026-03-20 04:00:00+00:00,0.8,95,9.2,98
2026-03-20 05:00:00+00:00,1.8,94,8.3,95
2026-03-20 06:00:00+00:00,2.2,95,8.8,92
2026-03-20 07:00:00+00:00,3.9,91,10.3,100
2026-03-20 08:00:00+00:00,4.4,88,8.7,100
2026-03-20 09:00:00+00:00,5.0,84,7.2,100
2026-03-20 10:00:00+00:00,5.8,83,8.0,100
2026-03-20 11:00:00+00:00,5.5,84,9.0,100
2026-03-20 12:00:00+00:00,7.0,80,7.2,100
2026-03-20 13:00:00+00:00,7.3,79,8.8,100
2026-03-20 14:00:00+00:00,7.1,80,9.7,100
2026-03-20 15:00:00+00:00,6.3,81,10.6,99
2026-03-20 16:00:00+00:00,5.2,84,11.2,61
2026-03-20 17:00:00+00:00,4.9,84,12.9,98
2026-03-20 18:00:00+00:00,5.2,84,14.1,98
2026-03-20 19:00:00+00:00,5.0,82,14.1,84
2026-03-20 20:00:00+00:00,4.6,83,14.1,52
2026-03-20 21:00:00+00:00,4.1,83,13.2,96
2026-03-20 22:00:00+00:00,3.8,84,12.5,100
2026-03-20 23:00:00+00:00,3.8,83,12.4,100
2026-03-21 00:00:00+00:00,3.0,86,11.9,84
2026-03-21 01:00:00+00:00,2.9,87,13.0,99
2026-03-21 02:00:00+00:00,2.7,88,13.6,84
2026-03-21 03:00:00+00:00,2.3,88,13.9,80
2026-03-21 04:00:00+00:00,2.2,86,14.6,98
2026-03-21 05:00:00+00:00,2.5,82,13.2,99
2026-03-21 06:00:00+00:00,2.4,84,12.6,100
2026-03-21 07:00:00+00:00,4.4,76,13.2,27
2026-03-21 08:00:00+00:00,6.6,66,15.4,22
2026-03-21 09:00:00+00:00,8.2,59,18.2,88
2026-03-21 10:00:00+00:00,9.2,54,18.0,12
2026-03-21 11:00:00+00:00,9.9,51,16.5,5
2026-03-21 12:00:00+00:00,10.4,49,17.3,2
2026-03-21 13:00:00+00:00,10.3,49,16.8,1
2026-03-21 14:00:00+00:00,9.7,51,16.2,0
2026-03-21 15:00:00+00:00,8.4,57,14.1,1
2026-03-21 16:00:00+00:00,6.5,63,13.8,0
2026-03-21 17:00:00+00:00,5.0,67,14.1,0
2026-03-21 18:00:00+00:00,4.5,71,14.3,0
2026-03-21 19:00:00+00:00,3.7,75,14.4,0
2026-03-21 20:00:00+00:00,3.0,80,14.3,0
2026-03-21 21:00:00+00:00,2.2,84,13.4,0
2026-03-21 22:00:00+00:00,1.4,87,12.0,0
2026-03-21 23:00:00+00:00,0.6,89,11.2,0
2026-03-22 00:00:00+00:00,0.3,89,11.7,0
2026-03-22 01:00:00+00:00,-0.2,90,12.0,0
2026-03-22 02:00:00+00:00,-0.7,91,11.8,0
2026-03-22 03:00:00+00:00,-1.1,92,11.8,0
2026-03-22 04:00:00+00:00,-1.3,93,12.1,0
2026-03-22 05:00:00+00:00,-0.2,90,9.9,6
2026-03-22 06:00:00+00:00,0.4,83,13.9,71
2026-03-22 07:00:00+00:00,2.1,71,12.2,70
2026-03-22 08:00:00+00:00,3.9,65,10.9,14
2026-03-22 09:00:00+00:00,5.6,63,10.9,2
2026-03-22 10:00:00+00:00,7.1,58,11.5,1
2026-03-22 11:00:00+00:00,8.3,52,11.8,0
2026-03-22 12:00:00+00:00,8.5,56,12.5,0
2026-03-22 13:00:00+00:00,8.9,53,12.5,0
2026-03-22 14:00:00+00:00,8.4,54,12.0,0
2026-03-22 15:00:00+00:00,7.0,61,9.9,0
2026-03-22 16:00:00+00:00,5.0,68,10.9,0
2026-03-22 17:00:00+00:00,3.7,71,12.3,0
2026-03-22 18:00:00+00:00,3.5,79,13.1,0
2026-03-22 19:00:00+00:00,2.9,81,12.8,0
2026-03-22 20:00:00+00:00,2.2,83,13.0,0
2026-03-22 21:00:00+00:00,1.6,85,12.9,0
2026-03-22 22:00:00+00:00,1.2,85,12.6,0
2026-03-22 23:00:00+00:00,0.9,85,11.4,0
2026-03-23 00:00:00+00:00,0.3,87,10.4,0
2026-03-23 01:00:00+00:00,-0.1,88,9.3,0
2026-03-23 02:00:00+00:00,-0.4,89,9.3,0
2026-03-23 03:00:00+00:00,-0.9,90,9.9,0
2026-03-23 04:00:00+00:00,-1.2,92,10.9,0
2026-03-23 05:00:00+00:00,-0.2,90,8.7,5
2026-03-23 06:00:00+00:00,1.2,83,8.7,0
2026-03-23 07:00:00+00:00,3.7,66,8.6,0
2026-03-23 08:00:00+00:00,5.8,60,9.1,0
2026-03-23 09:00:00+00:00,7.4,58,9.7,0
2026-03-23 10:00:00+00:00,8.5,53,9.4,0
2026-03-23 11:00:00+00:00,9.4,49,9.0,0
2026-03-23 12:00:00+00:00,10.4,44,10.2,19
2026-03-23 13:00:00+00:00,10.4,43,10.2,98
2026-03-23 14:00:00+00:00,9.8,46,8.1,56
2026-03-23 15:00:00+00:00,8.3,56,8.0,0
2026-03-23 16:00:00+00:00,6.3,61,9.0,2
2026-03-23 17:00:00+00:00,4.8,64,9.5,21
2026-03-23 18:00:00+00:00,4.5,67,9.6,98
2026-03-23 19:00:00+00:00,4.3,67,9.0,99
2026-03-23 20:00:00+00:00,3.7,69,8.2,99
2026-03-23 21:00:00+00:00,3.2,70,8.0,100
2026-03-23 22:00:00+00:00,2.7,72,8.1,100
2026-03-23 23:00:00+00:00,2.1,73,8.1,100
2026-03-24 00:00:00+00:00,1.8,71,9.4,100
2026-03-24 01:00:00+00:00,1.6,71,9.4,100
2026-03-24 02:00:00+00:00,1.5,71,9.3,100
2026-03-24 03:00:00+00:00,1.4,73,9.1,100
2026-03-24 04:00:00+00:00,1.7,73,9.5,100
2026-03-24 05:00:00+00:00,2.5,71,9.9,100
2026-03-24 06:00:00+00:00,2.8,76,6.9,100
2026-03-24 07:00:00+00:00,3.8,74,6.2,100
2026-03-24 08:00:00+00:00,4.7,73,6.9,100
2026-03-24 09:00:00+00:00,6.4,67,7.2,100
2026-03-24 10:00:00+00:00,7.9,61,8.1,100
2026-03-24 11:00:00+00:00,8.3,59,8.9,100
2026-03-24 12:00:00+00:00,9.4,53,8.7,100
2026-03-24 13:00:00+00:00,8.2,65,7.1,100
2026-03-24 14:00:00+00:00,7.1,74,8.1,100
2026-03-24 15:00:00+00:00,6.4,76,8.5,100
2026-03-24 16:00:00+00:00,6.1,75,9.1,100
2026-03-24 17:00:00+00:00,6.0,74,9.0,100
2026-03-24 18:00:00+00:00,6.8,72,9.8,100
2026-03-24 19:00:00+00:00,6.7,73,9.1,100
2026-03-24 20:00:00+00:00,6.4,74,8.8,100
2026-03-24 21:00:00+00:00,6.0,77,8.2,100
2026-03-24 22:00:00+00:00,5.5,80,7.8,100
2026-03-24 23:00:00+00:00,4.9,83,8.6,99
2026-03-25 00:00:00+00:00,3.7,78,8.3,100
2026-03-25 01:00:00+00:00,4.0,78,7.8,100
2026-03-25 02:00:00+00:00,3.8,79,7.4,100
2026-03-25 03:00:00+00:00,3.4,81,7.4,100
2026-03-25 04:00:00+00:00,3.1,81,8.1,100
2026-03-25 05:00:00+00:00,3.3,81,7.4,100
2026-03-25 06:00:00+00:00,4.1,79,7.2,100
2026-03-25 07:00:00+00:00,4.5,80,7.7,100
2026-03-25 08:00:00+00:00,6.2,76,6.3,25
2026-03-25 09:00:00+00:00,9.7,65,7.1,22
2026-03-25 10:00:00+00:00,11.7,53,8.2,16
2026-03-25 11:00:00+00:00,12.5,48,7.8,47
2026-03-25 12:00:00+00:00,12.8,48,8.1,60
2026-03-25 13:00:00+00:00,13.0,46,8.1,78
2026-03-25 14:00:00+00:00,12.6,51,6.7,54
2026-03-25 15:00:00+00:00,11.7,57,6.2,73
2026-03-25 16:00:00+00:00,10.0,61,7.6,88
2026-03-25 17:00:00+00:00,9.3,62,9.2,41
2026-03-25 18:00:00+00:00,9.3,62,10.9,19
2026-03-25 19:00:00+00:00,8.4,64,11.4,68
2026-03-25 20:00:00+00:00,7.8,65,11.4,100
2026-03-25 21:00:00+00:00,7.8,63,11.2,95
2026-03-25 22:00:00+00:00,7.2,63,10.8,6
2026-03-25 23:00:00+00:00,5.8,66,10.5,1
2026-03-26 00:00:00+00:00,5.7,69,10.1,9
2026-03-26 01:00:00+00:00,5.4,70,9.6,5
2026-03-26 02:00:00+00:00,4.9,71,9.2,6
2026-03-26 03:00:00+00:00,4.3,73,9.4,49
2026-03-26 04:00:00+00:00,4.0,74,10.1,17
2026-03-26 05:00:00+00:00,5.3,72,10.6,74
2026-03-26 06:00:00+00:00,7.6,67,8.3,89
2026-03-26 07:00:00+00:00,10.1,61,8.6,34
2026-03-26 08:00:00+00:00,12.7,55,10.3,63
2026-03-26 09:00:00+00:00,14.4,50,13.9,100
2026-03-26 10:00:00+00:00,15.0,49,13.3,100
2026-03-26 11:00:00+00:00,15.4,50,11.7,100
2026-03-26 12:00:00+00:00,15.7,49,9.8,100
2026-03-26 13:00:00+00:00,15.8,49,9.2,100
2026-03-26 14:00:00+00:00,15.3,53,8.6,100
2026-03-26 15:00:00+00:00,14.0,61,7.0,100
2026-03-26 16:00:00+00:00,12.3,66,8.0,99
2026-03-26 17:00:00+00:00,11.3,68,11.5,58
2026-03-26 18:00:00+00:00,11.2,76,8.4,84
2026-03-26 19:00:00+00:00,10.3,84,8.1,98
2026-03-26 20:00:00+00:00,9.8,88,7.7,100
2026-03-26 21:00:00+00:00,9.6,89,7.3,100
2026-03-26 22:00:00+00:00,9.4,90,7.4,100
2026-03-26 23:00:00+00:00,9.0,91,7.8,100
2026-03-27 00:00:00+00:00,9.1,90,8.0,100
2026-03-27 01:00:00+00:00,8.8,92,9.2,100
2026-03-27 02:00:00+00:00,8.3,95,10.2,100
2026-03-27 03:00:00+00:00,8.0,97,10.7,100
2026-03-27 04:00:00+00:00,7.9,97,10.2,100
2026-03-27 05:00:00+00:00,7.8,98,10.5,100
2026-03-27 06:00:00+00:00,8.0,96,10.4,100
2026-03-27 07:00:00+00:00,8.5,92,10.2,100
2026-03-27 08:00:00+00:00,9.4,87,10.3,100
2026-03-27 09:00:00+00:00,10.3,84,7.9,100
2026-03-27 10:00:00+00:00,9.7,85,6.7,100
2026-03-27 11:00:00+00:00,9.7,86,7.0,100
2026-03-27 12:00:00+00:00,9.0,87,8.3,100
2026-03-27 13:00:00+00:00,9.3,86,8.0,100
2026-03-27 14:00:00+00:00,9.1,86,7.9,100
2026-03-27 15:00:00+00:00,8.9,87,6.6,100
2026-03-27 16:00:00+00:00,8.3,90,3.8,100
2026-03-27 17:00:00+00:00,8.0,91,4.3,100
2026-03-27 18:00:00+00:00,8.4,91,4.3,100
2026-03-27 19:00:00+00:00,8.3,91,3.8,100
2026-03-27 20:00:00+00:00,7.9,92,4.0,100
2026-03-27 21:00:00+00:00,7.6,93,4.9,100
2026-03-27 22:00:00+00:00,7.4,94,4.3,100
2026-03-27 23:00:00+00:00,7.2,95,3.4,100
2026-03-28 00:00:00+00:00,7.1,95,5.4,100
2026-03-28 01:00:00+00:00,7.0,96,4.0,100
2026-03-28 02:00:00+00:00,6.9,97,3.6,100
2026-03-28 03:00:00+00:00,6.7,97,4.2,100
2026-03-28 04:00:00+00:00,6.7,97,4.3,100
2026-03-28 05:00:00+00:00,7.3,95,3.8,100
2026-03-28 06:00:00+00:00,7.5,93,4.0,100
2026-03-28 07:00:00+00:00,8.4,90,4.2,100
2026-03-28 08:00:00+00:00,9.4,87,3.7,100
2026-03-28 09:00:00+00:00,10.9,81,6.8,100
2026-03-28 10:00:00+00:00,12.2,75,6.2,100
2026-03-28 11:00:00+00:00,13.0,69,4.5,100
2026-03-28 12:00:00+00:00,12.1,73,4.0,100
2026-03-28 13:00:00+00:00,12.5,71,3.5,100
2026-03-28 14:00:00+00:00,12.4,72,2.7,100
2026-03-28 15:00:00+00:00,11.9,77,4.1,100
2026-03-28 16:00:00+00:00,11.1,80,7.4,100
2026-03-28 17:00:00+00:00,10.6,79,9.6,100
2026-03-28 18:00:00+00:00,10.7,80,7.8,100
2026-03-28 19:00:00+00:00,10.1,82,7.1,100
2026-03-28 20:00:00+00:00,9.7,84,7.1,100
2026-03-28 21:00:00+00:00,9.3,86,7.8,0
2026-03-28 22:00:00+00:00,8.3,88,8.9,0
2026-03-28 23:00:00+00:00,7.9,87,8.8,0
2026-03-29 00:00:00+00:00,7.2,87,10.7,0
2026-03-29 01:00:00+00:00,6.8,89,11.1,0
2026-03-29 02:00:00+00:00,6.5,90,11.3,2
2026-03-29 03:00:00+00:00,6.0,91,12.2,7
2026-03-29 04:00:00+00:00,5.7,92,11.7,42
2026-03-29 05:00:00+00:00,6.8,90,10.5,4
2026-03-29 06:00:00+00:00,8.4,86,7.9,7
2026-03-29 07:00:00+00:00,11.0,76,8.7,0
2026-03-29 08:00:00+00:00,13.7,65,9.2,0
2026-03-29 09:00:00+00:00,15.9,52,11.4,0
2026-03-29 10:00:00+00:00,17.4,45,13.1,34
2026-03-29 11:00:00+00:00,18.3,42,14.0,13
2026-03-29 12:00:00+00:00,18.9,37,15.9,54
2026-03-29 13:00:00+00:00,18.7,37,15.5,54
2026-03-29 14:00:00+00:00,18.0,41,13.7,54
2026-03-29 15:00:00+00:00,16.5,44,13.6,98
2026-03-29 16:00:00+00:00,14.4,48,13.5,100
2026-03-29 17:00:00+00:00,13.2,50,15.0,100
2026-03-29 18:00:00+00:00,13.0,53,16.1,100
2026-03-29 19:00:00+00:00,12.4,56,15.7,100
2026-03-29 20:00:00+00:00,11.7,58,15.1,100
2026-03-29 21:00:00+00:00,11.1,60,14.4,100
2026-03-29 22:00:00+00:00,10.7,61,13.9,100
2026-03-29 23:00:00+00:00,10.2,63,13.5,100
2026-03-30 00:00:00+00:00,9.7,66,13.0,100
2026-03-30 01:00:00+00:00,8.9,69,11.7,100
2026-03-30 02:00:00+00:00,8.4,71,11.2,100
2026-03-30 03:00:00+00:00,8.2,72,11.4,100
2026-03-30 04:00:00+00:00,8.0,72,11.1,100
2026-03-30 05:00:00+00:00,8.2,71,11.2,100
2026-03-30 06:00:00+00:00,9.2,69,9.1,100
2026-03-30 07:00:00+00:00,10.5,66,10.9,100
2026-03-30 08:00:00+00:00,11.8,63,9.3,99
2026-03-30 09:00:00+00:00,14.2,58,9.3,100
2026-03-30 10:00:00+00:00,15.2,56,9.1,100
2026-03-30 11:00:00+00:00,15.9,56,8.5,100
2026-03-30 12:00:00+00:00,17.4,54,7.9,61
2026-03-30 13:00:00+00:00,18.0,53,8.5,38
2026-03-30 14:00:00+00:00,18.0,55,8.1,99
2026-03-30 15:00:00+00:00,16.6,67,3.9,25
2026-03-30 16:00:00+00:00,14.5,72,5.1,31
2026-03-30 17:00:00+00:00,13.6,74,5.8,100
2026-03-30 18:00:00+00:00,13.1,72,12.4,62
2026-03-30 19:00:00+00:00,11.6,84,3.4,65
2026-03-30 20:00:00+00:00,11.4,84,2.9,54
2026-03-30 21:00:00+00:00,11.1,85,5.6,95
2026-03-30 22:00:00+00:00,10.0,91,6.0,100
2026-03-30 23:00:00+00:00,10.0,90,6.6,100
2026-03-31 00:00:00+00:00,10.2,87,6.6,100
2026-03-31 01:00:00+00:00,9.9,87,6.6,100
2026-03-31 02:00:00+00:00,9.4,90,4.2,98
2026-03-31 03:00:00+00:00,9.2,91,6.2,84
2026-03-31 04:00:00+00:00,8.4,93,3.1,32
2026-03-31 05:00:00+00:00,10.0,91,4.0,27
2026-03-31 06:00:00+00:00,12.1,86,4.8,14
2026-03-31 07:00:00+00:00,14.1,79,5.6,18
2026-03-31 08:00:00+00:00,15.9,72,5.8,6
2026-03-31 09:00:00+00:00,17.3,66,6.1,31
2026-03-31 10:00:00+00:00,18.4,59,5.1,100
2026-03-31 11:00:00+00:00,18.7,54,6.0,100
2026-03-31 12:00:00+00:00,16.8,62,11.7,81
2026-03-31 13:00:00+00:00,14.1,85,3.2,99
2026-03-31 14:00:00+00:00,13.8,84,2.6,40
2026-03-31 15:00:00+00:00,14.1,83,1.6,16
2026-03-31 16:00:00+00:00,12.2,92,2.2,55
2026-03-31 17:00:00+00:00,11.5,94,0.0,57
2026-03-31 18:00:00+00:00,11.9,91,8.0,84
2026-03-31 19:00:00+00:00,10.9,95,10.8,99
2026-03-31 20:00:00+00:00,10.1,97,5.6,99
2026-03-31 21:00:00+00:00,9.3,97,4.2,54
2026-03-31 22:00:00+00:00,8.2,98,1.8,14
2026-03-31 23:00:00+00:00,7.5,100,2.1,11
2026-04-01 00:00:00+00:00,9.3,98,7.8,98
2026-04-01 01:00:00+00:00,8.8,100,0.2,98
2026-04-01 02:00:00+00:00,8.1,100,1.6,100
2026-04-01 03:00:00+00:00,7.9,100,1.6,100
2026-04-01 04:00:00+00:00,8.2,100,2.1,100
2026-04-01 05:00:00+00:00,9.1,97,2.2,100
2026-04-01 06:00:00+00:00,10.0,98,3.4,100
2026-04-01 07:00:00+00:00,12.3,89,3.7,100
2026-04-01 08:00:00+00:00,13.9,80,4.4,100
2026-04-01 09:00:00+00:00,15.2,72,3.0,95
2026-04-01 10:00:00+00:00,15.8,70,2.2,77
2026-04-01 11:00:00+00:00,16.4,67,2.4,61
2026-04-01 12:00:00+00:00,16.3,65,3.7,98
2026-04-01 13:00:00+00:00,16.5,63,2.8,38
2026-04-01 14:00:00+00:00,16.2,63,3.2,52
2026-04-01 15:00:00+00:00,16.0,69,2.9,88
2026-04-01 16:00:00+00:00,12.5,88,11.9,98
2026-04-01 17:00:00+00:00,11.7,91,0.8,100
2026-04-01 18:00:00+00:00,11.2,94,8.9,86
2026-04-01 19:00:00+00:00,10.9,94,6.7,55
2026-04-01 20:00:00+00:00,10.2,96,3.8,22
2026-04-01 21:00:00+00:00,9.6,96,4.3,11
2026-04-01 22:00:00+00:00,9.1,96,6.0,5
2026-04-01 23:00:00+00:00,8.4,96,6.6,0
2026-04-02 00:00:00+00:00,8.7,100,7.1,100
2026-04-02 01:00:00+00:00,8.5,100,5.9,100
2026-04-02 02:00:00+00:00,8.4,100,5.9,100
2026-04-02 03:00:00+00:00,7.7,100,4.5,100
2026-04-02 04:00:00+00:00,7.3,99,4.4,100
2026-04-02 05:00:00+00:00,7.7,97,3.9,100
2026-04-02 06:00:00+00:00,9.0,92,2.5,100
2026-04-02 07:00:00+00:00,11.4,88,3.3,100
2026-04-02 08:00:00+00:00,14.3,72,3.9,30
2026-04-02 09:00:00+00:00,15.7,64,1.7,98
2026-04-02 10:00:00+00:00,16.2,61,1.4,70
2026-04-02 11:00:00+00:00,16.4,60,3.1,32
2026-04-02 12:00:00+00:00,16.8,57,3.4,34
2026-04-02 13:00:00+00:00,17.0,55,3.6,15
2026-04-02 14:00:00+00:00,17.0,54,2.4,20
2026-04-02 15:00:00+00:00,16.2,66,1.9,49
2026-04-02 16:00:00+00:00,14.1,72,2.3,98
2026-04-02 17:00:00+00:00,12.7,75,1.5,99
2026-04-02 18:00:00+00:00,12.2,77,2.1,99
2026-04-02 19:00:00+00:00,11.7,84,8.3,90
2026-04-02 20:00:00+00:00,10.7,87,1.5,88
2026-04-02 21:00:00+00:00,9.7,91,1.1,27
2026-04-02 22:00:00+00:00,9.0,94,1.2,23
2026-04-02 23:00:00+00:00,8.5,96,1.3,34
2026-04-03 00:00:00+00:00,8.6,95,4.3,55
2026-04-03 01:00:00+00:00,8.3,96,3.8,34
2026-04-03 02:00:00+00:00,8.0,98,0.4,15
2026-04-03 03:00:00+00:00,7.6,95,0.7,70
2026-04-03 04:00:00+00:00,8.3,92,3.5,88
2026-04-03 05:00:00+00:00,9.6,95,3.2,52
2026-04-03 06:00:00+00:00,10.6,95,1.9,51
2026-04-03 07:00:00+00:00,12.6,88,3.8,100
2026-04-03 08:00:00+00:00,13.9,80,2.8,100
2026-04-03 09:00:00+00:00,14.7,75,1.6,100
2026-04-03 10:00:00+00:00,15.7,70,0.3,100
2026-04-03 11:00:00+00:00,16.1,65,2.3,100
2026-04-03 12:00:00+00:00,16.8,61,1.7,100
2026-04-03 13:00:00+00:00,13.7,82,13.3,99
2026-04-03 14:00:00+00:00,14.7,75,3.5,32
2026-04-03 15:00:00+00:00,14.2,80,2.9,75
2026-04-03 16:00:00+00:00,12.9,85,8.2,94
2026-04-03 17:00:00+00:00,11.6,88,5.2,95
2026-04-03 18:00:00+00:00,11.4,89,8.6,100
2026-04-03 19:00:00+00:00,10.5,91,2.0,88
2026-04-03 20:00:00+00:00,9.6,92,2.3,93
2026-04-03 21:00:00+00:00,8.9,95,5.3,98
2026-04-03 22:00:00+00:00,8.6,95,5.0,100
2026-04-03 23:00:00+00:00,7.9,96,5.0,31
2026-04-04 00:00:00+00:00,9.1,93,6.4,100
2026-04-04 01:00:00+00:00,9.0,93,5.6,100
2026-04-04 02:00:00+00:00,8.7,94,5.2,100
2026-04-04 03:00:00+00:00,8.4,94,5.9,100
2026-04-04 04:00:00+00:00,8.4,94,6.8,70
2026-04-04 05:00:00+00:00,9.6,93,4.5,96
2026-04-04 06:00:00+00:00,11.5,88,3.8,79
2026-04-04 07:00:00+00:00,12.6,84,2.9,97
2026-04-04 08:00:00+00:00,14.7,76,3.1,92
2026-04-04 09:00:00+00:00,16.1,68,2.5,87
2026-04-04 10:00:00+00:00,16.3,66,4.2,88
2026-04-04 11:00:00+00:00,16.6,63,2.8,100
2026-04-04 12:00:00+00:00,14.2,78,5.4,100
2026-04-04 13:00:00+00:00,14.2,73,5.3,77
2026-04-04 14:00:00+00:00,15.1,65,3.7,59
2026-04-04 15:00:00+00:00,14.5,72,1.3,59
2026-04-04 16:00:00+00:00,12.8,75,7.3,86
2026-04-04 17:00:00+00:00,11.4,80,8.1,50
2026-04-04 18:00:00+00:00,10.9,86,6.9,34
2026-04-04 19:00:00+00:00,9.9,90,4.7,39
2026-04-04 20:00:00+00:00,10.1,90,3.5,100
2026-04-04 21:00:00+00:00,10.3,91,9.3,97
2026-04-04 22:00:00+00:00,9.6,89,12.3,0
2026-04-04 23:00:00+00:00,8.2,79,13.0,4
2026-04-05 00:00:00+00:00,8.3,64,12.5,20
2026-04-05 01:00:00+00:00,7.4,64,9.7,2
2026-04-05 02:00:00+00:00,6.5,67,8.5,0
2026-04-05 03:00:00+00:00,5.8,69,8.8,0
2026-04-05 04:00:00+00:00,6.3,66,10.7,0
2026-04-05 05:00:00+00:00,8.0,65,11.0,3
2026-04-05 06:00:00+00:00,10.2,61,11.7,97
2026-04-05 07:00:00+00:00,11.1,57,15.8,12
2026-04-05 08:00:00+00:00,12.7,51,17.2,12
2026-04-05 09:00:00+00:00,13.1,33,20.2,4
2026-04-05 10:00:00+00:00,13.2,31,19.5,0
2026-04-05 11:00:00+00:00,13.5,31,18.7,0
2026-04-05 12:00:00+00:00,13.6,31,18.5,5
2026-04-05 13:00:00+00:00,13.3,32,19.0,2
2026-04-05 14:00:00+00:00,12.7,34,18.7,0
2026-04-05 15:00:00+00:00,11.8,38,14.4,0
2026-04-05 16:00:00+00:00,10.3,42,13.7,0
2026-04-05 17:00:00+00:00,9.2,45,13.2,0
2026-04-05 18:00:00+00:00,8.8,49,12.0,3
2026-04-05 19:00:00+00:00,7.8,55,10.2,5
2026-04-05 20:00:00+00:00,6.8,59,9.1,9
2026-04-05 21:00:00+00:00,5.8,64,8.5,0
2026-04-05 22:00:00+00:00,5.0,68,8.3,18
2026-04-05 23:00:00+00:00,4.5,70,8.5,10
2026-04-06 00:00:00+00:00,4.1,69,8.1,16
2026-04-06 01:00:00+00:00,3.5,72,7.1,5
2026-04-06 02:00:00+00:00,3.0,73,7.3,5
2026-04-06 03:00:00+00:00,2.6,75,7.7,10
2026-04-06 04:00:00+00:00,3.0,74,9.5,1
2026-04-06 05:00:00+00:00,5.2,71,10.7,1
2026-04-06 06:00:00+00:00,8.6,61,8.2,5
2026-04-06 07:00:00+00:00,11.6,52,10.4,13
2026-04-06 08:00:00+00:00,13.9,40,16.8,64
2026-04-06 09:00:00+00:00,15.5,38,19.1,56
2026-04-06 10:00:00+00:00,16.7,37,21.1,57
2026-04-06 11:00:00+00:00,17.7,38,21.9,44
2026-04-06 12:00:00+00:00,18.7,34,24.0,59
2026-04-06 13:00:00+00:00,18.3,38,22.7,100
2026-04-06 14:00:00+00:00,17.2,42,17.2,100
2026-04-06 15:00:00+00:00,13.7,66,19.7,100
2026-04-06 16:00:00+00:00,12.0,80,16.8,99
2026-04-06 17:00:00+00:00,11.0,85,20.9,100
2026-04-06 18:00:00+00:00,10.3,94,16.0,100
2026-04-06 19:00:00+00:00,9.7,93,23.0,100
2026-04-06 20:00:00+00:00,8.3,93,18.8,100
2026-04-06 21:00:00+00:00,6.9,91,18.7,99
2026-04-06 22:00:00+00:00,5.5,90,21.2,100
2026-04-06 23:00:00+00:00,4.2,87,18.2,24
2026-04-07 00:00:00+00:00,4.0,79,17.8,100
2026-04-07 01:00:00+00:00,3.5,80,14.1,95
2026-04-07 02:00:00+00:00,2.9,83,11.8,59
2026-04-07 03:00:00+00:00,2.4,85,14.5,9
2026-04-07 04:00:00+00:00,2.5,83,14.7,0
2026-04-07 05:00:00+00:00,3.6,77,13.7,45
2026-04-07 06:00:00+00:00,5.3,71,18.5,45
2026-04-07 07:00:00+00:00,6.7,62,19.3,44
2026-04-07 08:00:00+00:00,7.7,54,20.4,42
2026-04-07 09:00:00+00:00,8.5,49,18.6,31
2026-04-07 10:00:00+00:00,9.4,45,17.5,36
2026-04-07 11:00:00+00:00,10.2,45,15.4,3
2026-04-07 12:00:00+00:00,10.0,48,14.9,18
2026-04-07 13:00:00+00:00,9.9,47,13.1,95
2026-04-07 14:00:00+00:00,7.0,66,17.0,92
2026-04-07 15:00:00+00:00,6.6,70,9.6,52
2026-04-07 16:00:00+00:00,5.5,78,7.5,74
2026-04-07 17:00:00+00:00,4.8,81,7.4,73
2026-04-07 18:00:00+00:00,4.4,87,8.6,35
2026-04-07 19:00:00+00:00,3.8,89,6.8,85
2026-04-07 20:00:00+00:00,2.3,92,4.2,51
2026-04-07 21:00:00+00:00,2.5,93,6.8,26
2026-04-07 22:00:00+00:00,2.1,94,8.9,96
2026-04-07 23:00:00+00:00,1.6,94,6.3,91
2026-04-08 00:00:00+00:00,2.2,92,6.0,100
2026-04-08 01:00:00+00:00,2.5,93,4.5,100
2026-04-08 02:00:00+00:00,2.0,95,3.3,98
2026-04-08 03:00:00+00:00,1.7,96,2.5,100
2026-04-08 04:00:00+00:00,2.0,96,3.7,100
2026-04-08 05:00:00+00:00,3.1,91,3.6,98
2026-04-08 06:00:00+00:00,4.4,89,3.0,100
2026-04-08 07:00:00+00:00,6.0,83,3.3,100
2026-04-08 08:00:00+00:00,7.2,73,2.6,99
2026-04-08 09:00:00+00:00,8.1,64,1.7,100
2026-04-08 10:00:00+00:00,7.9,59,1.8,100
2026-04-08 11:00:00+00:00,7.8,58,1.9,99
2026-04-08 12:00:00+00:00,7.6,61,6.6,29
2026-04-08 13:00:00+00:00,7.3,66,9.9,77
2026-04-08 14:00:00+00:00,6.7,72,7.4,82
2026-04-08 15:00:00+00:00,6.7,70,6.5,11
2026-04-08 16:00:00+00:00,5.6,78,4.2,2
2026-04-08 17:00:00+00:00,4.6,83,8.4,27
2026-04-08 18:00:00+00:00,3.5,93,3.5,59
2026-04-08 19:00:00+00:00,3.1,94,4.7,1
2026-04-08 20:00:00+00:00,2.4,96,4.9,41
2026-04-08 21:00:00+00:00,2.0,97,5.4,88
2026-04-08 22:00:00+00:00,1.5,97,5.8,21
2026-04-08 23:00:00+00:00,1.1,98,6.3,35
2026-04-09 00:00:00+00:00,1.3,95,6.7,98
2026-04-09 01:00:00+00:00,1.5,93,4.4,97
2026-04-09 02:00:00+00:00,1.5,93,6.3,77
2026-04-09 03:00:00+00:00,1.1,94,5.6,67
2026-04-09 04:00:00+00:00,1.5,95,7.1,25
2026-04-09 05:00:00+00:00,3.2,90,5.3,4
2026-04-09 06:00:00+00:00,5.4,85,5.2,41
2026-04-09 07:00:00+00:00,7.6,74,7.4,99
2026-04-09 08:00:00+00:00,9.0,64,7.8,100
2026-04-09 09:00:00+00:00,9.6,58,7.3,100
2026-04-09 10:00:00+00:00,9.4,53,6.4,100
2026-04-09 11:00:00+00:00,7.8,64,9.7,100
2026-04-09 12:00:00+00:00,7.1,70,12.7,100
2026-04-09 13:00:00+00:00,7.4,69,14.8,100
2026-04-09 14:00:00+00:00,6.8,75,9.9,100
2026-04-09 15:00:00+00:00,7.3,73,6.8,100
2026-04-09 16:00:00+00:00,7.0,67,11.0,100
2026-04-09 17:00:00+00:00,6.2,67,12.1,100
2026-04-09 18:00:00+00:00,4.8,79,10.9,100
2026-04-09 19:00:00+00:00,4.4,84,9.5,100
2026-04-09 20:00:00+00:00,3.8,89,9.3,100
2026-04-09 21:00:00+00:00,3.5,92,9.9,100
2026-04-09 22:00:00+00:00,3.2,92,11.5,100
2026-04-09 23:00:00+00:00,2.8,93,12.2,100
2026-04-10 00:00:00+00:00,2.3,93,11.8,100
2026-04-10 01:00:00+00:00,1.9,93,11.5,100
2026-04-10 02:00:00+00:00,1.4,96,12.0,100
2026-04-10 03:00:00+00:00,1.2,95,13.4,100
2026-04-10 04:00:00+00:00,1.1,94,12.3,100
2026-04-10 05:00:00+00:00,1.2,92,12.9,100
2026-04-10 06:00:00+00:00,1.5,94,14.0,100
2026-04-10 07:00:00+00:00,1.8,93,12.4,100
2026-04-10 08:00:00+00:00,2.0,90,12.2,100
2026-04-10 09:00:00+00:00,2.0,91,11.5,100
2026-04-10 10:00:00+00:00,1.7,96,11.2,100
2026-04-10 11:00:00+00:00,2.0,94,11.8,100
2026-04-10 12:00:00+00:00,2.4,99,11.4,100
2026-04-10 13:00:00+00:00,2.5,95,10.4,100
2026-04-10 14:00:00+00:00,2.6,93,10.5,100
2026-04-10 15:00:00+00:00,2.3,93,9.7,100
2026-04-10 16:00:00+00:00,1.8,97,8.7,100
2026-04-10 17:00:00+00:00,1.6,99,8.2,100
2026-04-10 18:00:00+00:00,1.8,98,8.1,100
2026-04-10 19:00:00+00:00,1.0,99,8.3,100
2026-04-10 20:00:00+00:00,1.2,99,7.9,100
2026-04-10 21:00:00+00:00,1.3,99,7.3,100
2026-04-10 22:00:00+00:00,1.5,99,7.1,100
2026-04-10 23:00:00+00:00,1.6,99,7.6,100
2026-04-11 00:00:00+00:00,1.4,99,7.8,100
2026-04-11 01:00:00+00:00,1.0,100,7.3,100
2026-04-11 02:00:00+00:00,0.8,100,8.3,100
2026-04-11 03:00:00+00:00,0.8,100,7.6,100
2026-04-11 04:00:00+00:00,1.1,99,7.8,100
2026-04-11 05:00:00+00:00,1.9,95,8.8,100
2026-04-11 06:00:00+00:00,2.7,91,10.5,100
2026-04-11 07:00:00+00:00,3.3,87,10.8,100
2026-04-11 08:00:00+00:00,4.0,87,10.1,100
2026-04-11 09:00:00+00:00,5.1,76,10.1,100
2026-04-11 10:00:00+00:00,5.9,69,11.2,100
2026-04-11 11:00:00+00:00,6.6,64,11.8,100
2026-04-11 12:00:00+00:00,6.3,65,12.4,100
2026-04-11 13:00:00+00:00,6.1,67,11.4,100
2026-04-11 14:00:00+00:00,5.8,71,10.0,100
2026-04-11 15:00:00+00:00,5.5,74,6.8,100
2026-04-11 16:00:00+00:00,4.7,82,3.6,100
2026-04-11 17:00:00+00:00,4.0,84,3.9,100
2026-04-11 18:00:00+00:00,3.7,89,4.8,100
2026-04-11 19:00:00+00:00,2.6,91,5.0,100
2026-04-11 20:00:00+00:00,2.0,92,4.5,100
2026-04-11 21:00:00+00:00,2.2,93,4.4,100
2026-04-11 22:00:00+00:00,2.3,93,5.0,100
2026-04-11 23:00:00+00:00,2.3,93,4.7,100
2026-04-12 00:00:00+00:00,3.5,91,5.4,100
2026-04-12 01:00:00+00:00,2.8,92,6.5,100
2026-04-12 02:00:00+00:00,2.2,92,5.9,100
2026-04-12 03:00:00+00:00,1.9,93,5.0,100
2026-04-12 04:00:00+00:00,2.6,92,5.0,100
2026-04-12 05:00:00+00:00,3.9,92,3.4,100
2026-04-12 06:00:00+00:00,5.8,83,5.0,100
2026-04-12 07:00:00+00:00,7.7,67,7.5,100
2026-04-12 08:00:00+00:00,8.5,59,10.0,100
2026-04-12 09:00:00+00:00,8.9,55,9.0,100
2026-04-12 10:00:00+00:00,9.1,54,7.1,100
2026-04-12 11:00:00+00:00,9.3,54,5.7,100
2026-04-12 12:00:00+00:00,9.7,50,3.6,91
2026-04-12 13:00:00+00:00,9.9,51,1.7,70
2026-04-12 14:00:00+00:00,9.8,51,2.3,55
2026-04-12 15:00:00+00:00,9.2,54,5.0,39
2026-04-12 16:00:00+00:00,7.7,65,6.5,78
2026-04-12 17:00:00+00:00,6.6,68,6.1,98
2026-04-12 18:00:00+00:00,5.9,74,7.1,98
2026-04-12 19:00:00+00:00,5.8,77,7.4,91
2026-04-12 20:00:00+00:00,5.2,79,8.0,100
2026-04-12 21:00:00+00:00,4.9,80,7.0,99
2026-04-12 22:00:00+00:00,4.4,80,6.6,41
2026-04-12 23:00:00+00:00,3.7,80,6.2,7
2026-04-13 00:00:00+00:00,3.3,80,8.4,0
2026-04-13 01:00:00+00:00,3.1,80,8.8,1
2026-04-13 02:00:00+00:00,3.0,79,9.4,0
2026-04-13 03:00:00+00:00,2.9,80,9.0,3
2026-04-13 04:00:00+00:00,3.4,81,8.4,2
2026-04-13 05:00:00+00:00,5.3,79,5.2,2
2026-04-13 06:00:00+00:00,8.3,72,4.6,1
2026-04-13 07:00:00+00:00,10.3,50,7.5,13
2026-04-13 08:00:00+00:00,11.3,45,8.8,44
2026-04-13 09:00:00+00:00,12.1,42,9.8,34
2026-04-13 10:00:00+00:00,12.6,40,8.8,68
2026-04-13 11:00:00+00:00,12.8,40,10.6,60
2026-04-13 12:00:00+00:00,12.9,42,11.4,10
2026-04-13 13:00:00+00:00,12.7,47,11.9,0
2026-04-13 14:00:00+00:00,12.3,49,13.0,17
2026-04-13 15:00:00+00:00,11.2,55,9.9,42
2026-04-13 16:00:00+00:00,10.0,60,9.4,39
2026-04-13 17:00:00+00:00,8.6,67,7.7,100
2026-04-13 18:00:00+00:00,7.4,77,8.8,100
2026-04-13 19:00:00+00:00,6.9,83,10.6,91
2026-04-13 20:00:00+00:00,6.6,82,11.2,100
2026-04-13 21:00:00+00:00,6.1,82,11.0,100
2026-04-13 22:00:00+00:00,5.6,84,11.2,100
2026-04-13 23:00:00+00:00,5.1,85,11.9,100
2026-04-14 00:00:00+00:00,5.5,82,13.4,100
2026-04-14 01:00:00+00:00,5.7,78,14.4,100
2026-04-14 02:00:00+00:00,5.8,74,15.4,100
2026-04-14 03:00:00+00:00,5.9,72,16.0,100
2026-04-14 04:00:00+00:00,6.5,68,18.3,100
2026-04-14 05:00:00+00:00,7.1,66,16.4,100
2026-04-14 06:00:00+00:00,8.2,64,18.8,100
2026-04-14 07:00:00+00:00,9.3,57,20.9,100
2026-04-14 08:00:00+00:00,10.5,49,22.8,100
2026-04-14 09:00:00+00:00,11.3,43,25.4,100
2026-04-14 10:00:00+00:00,11.6,43,27.3,100
2026-04-14 11:00:00+00:00,10.4,49,23.3,100
2026-04-14 12:00:00+00:00,9.8,56,22.8,100
2026-04-14 13:00:00+00:00,8.7,64,24.3,100
2026-04-14 14:00:00+00:00,7.9,71,23.9,100
2026-04-14 15:00:00+00:00,7.5,73,23.6,100
2026-04-14 16:00:00+00:00,6.6,79,20.9,100
2026-04-14 17:00:00+00:00,6.3,82,20.6,100
2026-04-14 18:00:00+00:00,6.4,85,20.0,100
2026-04-14 19:00:00+00:00,6.1,86,18.8,100
2026-04-14 20:00:00+00:00,5.9,89,18.2,100
2026-04-14 21:00:00+00:00,5.6,91,17.4,100
2026-04-14 22:00:00+00:00,5.5,91,17.2,100
2026-04-14 23:00:00+00:00,5.4,92,18.2,100
2026-04-15 00:00:00+00:00,5.4,93,17.3,100
2026-04-15 01:00:00+00:00,5.5,93,15.7,100
2026-04-15 02:00:00+00:00,5.6,94,14.5,100
2026-04-15 03:00:00+00:00,5.7,94,12.9,100
2026-04-15 04:00:00+00:00,5.9,94,12.5,100
2026-04-15 05:00:00+00:00,6.6,90,12.0,100
2026-04-15 06:00:00+00:00,7.0,91,13.2,100
2026-04-15 07:00:00+00:00,8.0,84,12.9,100
2026-04-15 08:00:00+00:00,9.3,76,12.3,100
2026-04-15 09:00:00+00:00,10.8,68,11.9,100
2026-04-15 10:00:00+00:00,11.3,65,11.3,100
2026-04-15 11:00:00+00:00,11.6,63,10.8,100
2026-04-15 12:00:00+00:00,11.4,65,7.4,100
2026-04-15 13:00:00+00:00,11.6,64,6.6,100
2026-04-15 14:00:00+00:00,11.4,64,6.4,100
2026-04-15 15:00:00+00:00,11.4,66,4.4,100
2026-04-15 16:00:00+00:00,10.7,74,2.1,0
2026-04-15 17:00:00+00:00,8.2,81,3.3,7
2026-04-15 18:00:00+00:00,7.9,83,6.5,2
2026-04-15 19:00:00+00:00,7.4,84,6.6,6
2026-04-15 20:00:00+00:00,6.7,85,7.1,1
2026-04-15 21:00:00+00:00,6.2,86,7.8,0
2026-04-15 22:00:00+00:00,5.6,88,8.0,0
2026-04-15 23:00:00+00:00,5.0,89,8.6,0
2026-04-16 00:00:00+00:00,4.7,89,7.3,0
2026-04-16 01:00:00+00:00,4.3,89,5.6,0
2026-04-16 02:00:00+00:00,3.6,90,4.8,0
2026-04-16 03:00:00+00:00,3.2,90,3.1,0
2026-04-16 04:00:00+00:00,4.8,87,6.6,0
2026-04-16 05:00:00+00:00,7.2,84,4.2,0
2026-04-16 06:00:00+00:00,9.8,76,3.3,11
2026-04-16 07:00:00+00:00,12.8,63,4.1,32
2026-04-16 08:00:00+00:00,14.9,51,4.9,39
2026-04-16 09:00:00+00:00,16.4,45,4.6,63
2026-04-16 10:00:00+00:00,17.4,37,6.9,100
2026-04-16 11:00:00+00:00,18.0,33,8.5,98
2026-04-16 12:00:00+00:00,18.2,29,9.4,100
2026-04-16 13:00:00+00:00,17.2,38,7.7,96
2026-04-16 14:00:00+00:00,16.8,42,6.6,100
2026-04-16 15:00:00+00:00,15.8,53,4.1,43
2026-04-16 16:00:00+00:00,14.2,56,2.7,91
2026-04-16 17:00:00+00:00,13.0,57,2.7,71
2026-04-16 18:00:00+00:00,12.8,56,4.9,62
2026-04-16 19:00:00+00:00,11.9,63,6.0,73
2026-04-16 20:00:00+00:00,10.5,70,5.4,81
2026-04-16 21:00:00+00:00,9.9,70,5.9,95
2026-04-16 22:00:00+00:00,9.2,71,6.3,92
2026-04-16 23:00:00+00:00,9.0,71,6.1,99
2026-04-17 00:00:00+00:00,10.4,68,9.3,100
2026-04-17 01:00:00+00:00,10.3,68,8.3,100
2026-04-17 02:00:00+00:00,10.4,67,8.9,100
2026-04-17 03:00:00+00:00,9.9,67,7.9,95
2026-04-17 04:00:00+00:00,9.7,70,6.4,95
2026-04-17 05:00:00+00:00,11.1,68,5.6,100
2026-04-17 06:00:00+00:00,12.2,65,6.2,99
2026-04-17 07:00:00+00:00,14.1,61,7.1,95
2026-04-17 08:00:00+00:00,16.5,54,9.0,86
2026-04-17 09:00:00+00:00,17.7,39,13.6,100
2026-04-17 10:00:00+00:00,18.0,37,13.3,95
2026-04-17 11:00:00+00:00,18.5,37,16.6,100
2026-04-17 12:00:00+00:00,16.7,53,16.9,100
2026-04-17 13:00:00+00:00,15.5,62,13.6,100
2026-04-17 14:00:00+00:00,13.8,71,15.1,100
2026-04-17 15:00:00+00:00,12.3,82,11.8,100
2026-04-17 16:00:00+00:00,11.6,89,9.6,100
2026-04-17 17:00:00+00:00,10.9,94,7.3,100
2026-04-17 18:00:00+00:00,10.8,95,8.6,100
2026-04-17 19:00:00+00:00,10.4,96,6.0,100
2026-04-17 20:00:00+00:00,10.3,95,5.1,100
2026-04-17 21:00:00+00:00,10.0,96,9.6,98
2026-04-17 22:00:00+00:00,9.7,95,7.9,100
2026-04-17 23:00:00+00:00,9.4,94,8.0,100
2026-04-18 00:00:00+00:00,8.4,87,7.2,100
2026-04-18 01:00:00+00:00,8.3,86,4.8,100
2026-04-18 02:00:00+00:00,8.1,88,5.6,100
2026-04-18 03:00:00+00:00,7.7,93,6.1,100
2026-04-18 04:00:00+00:00,7.9,92,5.2,100
2026-04-18 05:00:00+00:00,8.1,91,5.4,100
2026-04-18 06:00:00+00:00,8.3,91,5.6,100
2026-04-18 07:00:00+00:00,9.2,86,6.7,100
2026-04-18 08:00:00+00:00,10.2,75,10.2,100
2026-04-18 09:00:00+00:00,10.7,73,9.0,100
2026-04-18 10:00:00+00:00,10.7,73,9.0,100
2026-04-18 11:00:00+00:00,10.6,76,8.7,100
2026-04-18 12:00:00+00:00,10.4,80,9.3,100
2026-04-18 13:00:00+00:00,10.3,84,10.1,100
2026-04-18 14:00:00+00:00,10.0,85,10.3,100
2026-04-18 15:00:00+00:00,9.4,95,8.0,100
2026-04-18 16:00:00+00:00,8.9,96,8.9,100
2026-04-18 17:00:00+00:00,8.5,96,8.6,100
2026-04-18 18:00:00+00:00,8.6,97,6.9,100
2026-04-18 19:00:00+00:00,8.6,97,8.6,100
2026-04-18 20:00:00+00:00,8.3,97,9.4,100
2026-04-18 21:00:00+00:00,8.1,97,9.8,100
2026-04-18 22:00:00+00:00,7.9,97,10.8,100
2026-04-18 23:00:00+00:00,8.0,94,13.3,100
2026-04-19 00:00:00+00:00,7.8,91,14.0,100
2026-04-19 01:00:00+00:00,7.8,94,10.4,100
2026-04-19 02:00:00+00:00,7.7,95,10.3,100
2026-04-19 03:00:00+00:00,7.4,97,10.0,100
2026-04-19 04:00:00+00:00,7.5,95,11.2,100
2026-04-19 05:00:00+00:00,8.0,94,11.4,100
2026-04-19 06:00:00+00:00,8.8,87,15.5,100
2026-04-19 07:00:00+00:00,10.1,76,13.4,100
2026-04-19 08:00:00+00:00,10.5,74,15.7,100
2026-04-19 09:00:00+00:00,10.8,72,16.0,100
2026-04-19 10:00:00+00:00,9.7,74,17.9,100
2026-04-19 11:00:00+00:00,9.8,73,19.6,100
2026-04-19 12:00:00+00:00,9.1,71,19.1,100
2026-04-19 13:00:00+00:00,9.1,69,18.2,100
2026-04-19 14:00:00+00:00,8.8,66,19.1,100
2026-04-19 15:00:00+00:00,8.5,62,17.7,90
2026-04-19 16:00:00+00:00,8.0,63,12.7,100
2026-04-19 17:00:00+00:00,7.6,63,13.0,100
2026-04-19 18:00:00+00:00,6.9,68,12.7,2
2026-04-19 19:00:00+00:00,5.3,72,10.5,0
2026-04-19 20:00:00+00:00,4.3,76,10.2,0
2026-04-19 21:00:00+00:00,3.6,80,11.3,1
2026-04-19 22:00:00+00:00,2.9,83,11.1,0
2026-04-19 23:00:00+00:00,2.2,86,11.0,0
2026-04-20 00:00:00+00:00,2.0,84,11.4,0
2026-04-20 01:00:00+00:00,1.4,86,11.1,0
2026-04-20 02:00:00+00:00,1.0,86,10.9,0
2026-04-20 03:00:00+00:00,0.7,87,9.4,1
2026-04-20 04:00:00+00:00,1.5,86,7.8,0
2026-04-20 05:00:00+00:00,3.2,79,8.0,1
2026-04-20 06:00:00+00:00,5.0,69,9.7,27
2026-04-20 07:00:00+00:00,6.2,56,16.2,50
2026-04-20 08:00:00+00:00,6.7,51,15.8,94
2026-04-20 09:00:00+00:00,7.5,48,14.7,100
2026-04-20 10:00:00+00:00,7.6,49,14.3,100
2026-04-20 11:00:00+00:00,7.8,50,13.6,100
2026-04-20 12:00:00+00:00,7.2,53,12.7,100
2026-04-20 13:00:00+00:00,7.1,54,11.6,100
2026-04-20 14:00:00+00:00,6.8,54,9.7,100
2026-04-20 15:00:00+00:00,6.6,57,6.9,100
2026-04-20 16:00:00+00:00,6.1,60,6.2,100
2026-04-20 17:00:00+00:00,5.6,65,4.2,100
2026-04-20 18:00:00+00:00,5.3,68,4.8,100
2026-04-20 19:00:00+00:00,4.4,74,3.4,100
2026-04-20 20:00:00+00:00,3.8,77,2.6,100
2026-04-20 21:00:00+00:00,3.2,77,1.0,100
2026-04-20 22:00:00+00:00,2.4,82,2.4,90
2026-04-20 23:00:00+00:00,1.7,85,3.3,79
2026-04-21 00:00:00+00:00,1.3,85,3.7,9
2026-04-21 01:00:00+00:00,0.5,86,6.0,0
2026-04-21 02:00:00+00:00,-0.3,86,4.7,0
2026-04-21 03:00:00+00:00,-0.4,87,4.5,0
2026-04-21 04:00:00+00:00,1.0,86,5.8,0
2026-04-21 05:00:00+00:00,3.2,80,3.4,5
2026-04-21 06:00:00+00:00,5.1,70,6.0,38
2026-04-21 07:00:00+00:00,6.6,58,6.9,48
2026-04-21 08:00:00+00:00,7.5,49,7.3,65
2026-04-21 09:00:00+00:00,7.9,46,6.8,99
2026-04-21 10:00:00+00:00,8.2,44,6.2,100
2026-04-21 11:00:00+00:00,8.4,43,6.5,100
2026-04-21 12:00:00+00:00,8.3,43,7.4,100
2026-04-21 13:00:00+00:00,8.2,43,8.1,100
2026-04-21 14:00:00+00:00,7.6,43,9.0,100
2026-04-21 15:00:00+00:00,7.2,49,8.7,98
2026-04-21 16:00:00+00:00,6.6,54,8.7,66
2026-04-21 17:00:00+00:00,5.6,60,7.8,93
2026-04-21 18:00:00+00:00,5.6,61,7.4,79
2026-04-21 19:00:00+00:00,5.0,66,5.7,37
2026-04-21 20:00:00+00:00,4.0,70,7.1,100
2026-04-21 21:00:00+00:00,3.9,72,4.9,100
2026-04-21 22:00:00+00:00,3.8,73,5.1,100
2026-04-21 23:00:00+00:00,3.4,74,5.9,98
2026-04-22 00:00:00+00:00,3.6,70,7.2,100
2026-04-22 01:00:00+00:00,3.2,74,6.2,100
2026-04-22 02:00:00+00:00,2.7,76,6.2,99
2026-04-22 03:00:00+00:00,2.7,75,6.8,100
2026-04-22 04:00:00+00:00,3.2,73,7.3,100
2026-04-22 05:00:00+00:00,4.0,70,6.8,100
2026-04-22 06:00:00+00:00,5.5,65,6.9,98
2026-04-22 07:00:00+00:00,6.6,52,10.4,90
2026-04-22 08:00:00+00:00,7.7,47,15.3,96
2026-04-22 09:00:00+00:00,7.3,52,15.7,100
2026-04-22 10:00:00+00:00,6.8,56,14.1,100
2026-04-22 11:00:00+00:00,6.1,66,13.4,100
2026-04-22 12:00:00+00:00,6.5,63,11.1,100
2026-04-22 13:00:00+00:00,6.9,58,10.2,98
2026-04-22 14:00:00+00:00,7.1,53,9.5,100
2026-04-22 15:00:00+00:00,7.2,56,5.8,100
2026-04-22 16:00:00+00:00,6.8,66,1.9,100
2026-04-22 17:00:00+00:00,6.1,70,4.2,100
2026-04-22 18:00:00+00:00,5.9,68,7.2,60
2026-04-22 19:00:00+00:00,4.6,71,9.3,0
2026-04-22 20:00:00+00:00,3.8,71,11.6,1
2026-04-22 21:00:00+00:00,3.3,71,12.4,0
2026-04-22 22:00:00+00:00,3.0,71,13.4,0
2026-04-22 23:00:00+00:00,2.6,74,12.9,23
2026-04-23 00:00:00+00:00,2.6,72,13.6,6
2026-04-23 01:00:00+00:00,2.7,68,14.5,0
2026-04-23 02:00:00+00:00,2.8,66,15.0,6
2026-04-23 03:00:00+00:00,2.6,68,15.5,80
2026-04-23 04:00:00+00:00,3.6,67,16.0,100
2026-04-23 05:00:00+00:00,4.9,67,15.0,100
2026-04-23 06:00:00+00:00,7.2,61,16.0,100
2026-04-23 07:00:00+00:00,8.6,55,18.1,100
2026-04-23 08:00:00+00:00,9.0,55,19.9,100
2026-04-23 09:00:00+00:00,10.0,55,20.2,100
2026-04-23 10:00:00+00:00,11.2,51,22.6,100
2026-04-23 11:00:00+00:00,9.5,68,17.3,100
2026-04-23 12:00:00+00:00,8.6,61,23.7,100
2026-04-23 13:00:00+00:00,6.4,82,16.6,100
2026-04-23 14:00:00+00:00,6.2,82,15.0,100
2026-04-23 15:00:00+00:00,6.1,82,11.3,13
2026-04-23 16:00:00+00:00,5.1,85,14.9,97
2026-04-23 17:00:00+00:00,3.9,89,15.3,100
2026-04-23 18:00:00+00:00,3.7,91,17.3,99
2026-04-23 19:00:00+00:00,2.9,91,17.2,100
2026-04-23 20:00:00+00:00,2.6,89,17.6,100
2026-04-23 21:00:00+00:00,2.0,92,16.5,100
2026-04-23 22:00:00+00:00,1.6,94,17.1,100
2026-04-23 23:00:00+00:00,1.3,96,17.8,100
2026-04-24 00:00:00+00:00,0.9,91,16.7,100
2026-04-24 01:00:00+00:00,0.9,91,17.2,100
2026-04-24 02:00:00+00:00,0.9,92,17.2,100
2026-04-24 03:00:00+00:00,1.0,92,17.9,100
2026-04-24 04:00:00+00:00,1.0,92,19.3,100
2026-04-24 05:00:00+00:00,1.5,90,22.2,100
2026-04-24 06:00:00+00:00,2.1,89,20.2,100
2026-04-24 07:00:00+00:00,2.7,81,24.1,96
2026-04-24 08:00:00+00:00,4.4,68,22.3,37
2026-04-24 09:00:00+00:00,5.6,57,23.8,45
2026-04-24 10:00:00+00:00,6.3,52,22.9,50
2026-04-24 11:00:00+00:00,6.8,50,21.9,38
2026-04-24 12:00:00+00:00,6.0,51,20.2,81
2026-04-24 13:00:00+00:00,6.6,49,19.2,76
2026-04-24 14:00:00+00:00,6.2,50,16.8,74
2026-04-24 15:00:00+00:00,5.7,54,13.0,82
2026-04-24 16:00:00+00:00,4.9,60,11.8,100
2026-04-24 17:00:00+00:00,4.1,63,10.4,86
2026-04-24 18:00:00+00:00,2.2,75,7.5,81
2026-04-24 19:00:00+00:00,2.2,76,7.2,88
2026-04-24 20:00:00+00:00,2.1,75,6.9,77
2026-04-24 21:00:00+00:00,1.5,77,7.4,46
2026-04-24 22:00:00+00:00,0.9,77,8.2,42
2026-04-24 23:00:00+00:00,0.6,75,8.0,3
2026-04-25 00:00:00+00:00,-0.3,72,8.7,66
2026-04-25 01:00:00+00:00,-0.7,72,8.7,50
2026-04-25 02:00:00+00:00,-0.9,72,8.7,0
2026-04-25 03:00:00+00:00,-0.7,73,7.5,0
2026-04-25 04:00:00+00:00,0.8,73,6.2,0
2026-04-25 05:00:00+00:00,3.0,68,3.6,0
2026-04-25 06:00:00+00:00,5.4,59,5.0,0
2026-04-25 07:00:00+00:00,7.5,50,6.9,0
2026-04-25 08:00:00+00:00,9.1,44,9.4,0
2026-04-25 09:00:00+00:00,10.7,39,12.1,59
2026-04-25 10:00:00+00:00,11.3,38,14.0,98
2026-04-25 11:00:00+00:00,11.8,38,17.4,100
2026-04-25 12:00:00+00:00,12.6,36,19.1,100
2026-04-25 13:00:00+00:00,12.2,44,14.0,100
2026-04-25 14:00:00+00:00,11.0,52,14.4,100
2026-04-25 15:00:00+00:00,10.7,57,7.7,100
2026-04-25 16:00:00+00:00,9.6,66,9.9,100
2026-04-25 17:00:00+00:00,9.3,67,9.6,99
2026-04-25 18:00:00+00:00,9.9,61,13.0,72
2026-04-25 19:00:00+00:00,9.5,61,11.2,99
2026-04-25 20:00:00+00:00,9.6,61,11.8,100
2026-04-25 21:00:00+00:00,9.6,60,13.9,100
2026-04-25 22:00:00+00:00,9.9,57,15.2,80
2026-04-25 23:00:00+00:00,9.9,56,15.4,16
2026-04-26 00:00:00+00:00,9.4,61,15.4,97
2026-04-26 01:00:00+00:00,9.1,62,16.3,100
2026-04-26 02:00:00+00:00,9.2,62,16.6,57
2026-04-26 03:00:00+00:00,8.7,65,16.9,90
2026-04-26 04:00:00+00:00,9.6,65,16.9,45
2026-04-26 05:00:00+00:00,11.0,65,14.2,18
2026-04-26 06:00:00+00:00,13.0,60,16.7,15
2026-04-26 07:00:00+00:00,14.8,55,20.0,73
2026-04-26 08:00:00+00:00,15.5,54,22.5,99
2026-04-26 09:00:00+00:00,16.9,50,25.6,98
2026-04-26 10:00:00+00:00,18.1,47,30.0,95
2026-04-26 11:00:00+00:00,17.5,44,33.3,89
2026-04-26 12:00:00+00:00,17.7,46,30.0,98
2026-04-26 13:00:00+00:00,14.0,69,33.4,100
2026-04-26 14:00:00+00:00,8.9,92,24.2,100
2026-04-26 15:00:00+00:00,6.4,93,22.3,100
2026-04-26 16:00:00+00:00,5.6,91,20.2,100
2026-04-26 17:00:00+00:00,5.3,90,19.8,100
2026-04-26 18:00:00+00:00,4.2,88,27.1,100
2026-04-26 19:00:00+00:00,3.2,85,25.3,100
2026-04-26 20:00:00+00:00,2.6,85,22.3,100
2026-04-26 21:00:00+00:00,2.4,83,22.0,100
2026-04-26 22:00:00+00:00,2.5,81,20.5,77
2026-04-26 23:00:00+00:00,2.2,75,19.2,86
2026-04-27 00:00:00+00:00,2.0,67,19.9,3
2026-04-27 01:00:00+00:00,1.7,64,20.0,14
2026-04-27 02:00:00+00:00,1.3,66,19.1,7
2026-04-27 03:00:00+00:00,1.2,68,19.4,10
2026-04-27 04:00:00+00:00,1.9,67,16.6,13
2026-04-27 05:00:00+00:00,3.1,61,22.4,10
2026-04-27 06:00:00+00:00,3.8,56,28.3,38
2026-04-27 07:00:00+00:00,4.8,52,27.3,77
2026-04-27 08:00:00+00:00,5.2,48,28.4,100
2026-04-27 09:00:00+00:00,5.2,45,27.4,100
2026-04-27 10:00:00+00:00,5.9,42,27.8,87
2026-04-27 11:00:00+00:00,7.0,36,24.1,84
2026-04-27 12:00:00+00:00,7.4,34,27.6,59
2026-04-27 13:00:00+00:00,7.8,32,27.0,70
2026-04-27 14:00:00+00:00,7.9,33,27.0,75
2026-04-27 15:00:00+00:00,7.8,36,23.0,69
2026-04-27 16:00:00+00:00,6.7,44,18.4,63
2026-04-27 17:00:00+00:00,5.9,45,16.2,2
2026-04-27 18:00:00+00:00,4.9,54,18.9,32
2026-04-27 19:00:00+00:00,4.2,59,16.1,0
2026-04-27 20:00:00+00:00,3.5,62,15.7,0
2026-04-27 21:00:00+00:00,3.3,66,15.9,0
2026-04-27 22:00:00+00:00,3.0,68,15.5,0
2026-04-27 23:00:00+00:00,2.6,70,14.6,0
2026-04-28 00:00:00+00:00,1.9,74,14.7,0
2026-04-28 01:00:00+00:00,1.5,75,14.0,0
2026-04-28 02:00:00+00:00,1.2,77,13.0,0
2026-04-28 03:00:00+00:00,1.1,77,12.2,0
2026-04-28 04:00:00+00:00,2.4,76,9.4,0
2026-04-28 05:00:00+00:00,4.4,69,10.6,0
2026-04-28 06:00:00+00:00,6.8,60,11.7,0
2026-04-28 07:00:00+00:00,8.2,49,16.7,60
2026-04-28 08:00:00+00:00,8.7,41,19.8,55
2026-04-28 09:00:00+00:00,8.8,39,19.5,78
2026-04-28 10:00:00+00:00,9.3,39,21.1,62
2026-04-28 11:00:00+00:00,9.8,36,19.7,64
2026-04-28 12:00:00+00:00,9.6,37,19.6,84
2026-04-28 13:00:00+00:00,9.2,40,16.0,61
2026-04-28 14:00:00+00:00,8.7,42,16.5,63
2026-04-28 15:00:00+00:00,7.2,55,9.1,30
2026-04-28 16:00:00+00:00,6.3,61,12.9,63
2026-04-28 17:00:00+00:00,5.0,65,8.6,4
2026-04-28 18:00:00+00:00,4.4,72,7.0,0
2026-04-28 19:00:00+00:00,3.9,75,7.6,0
2026-04-28 20:00:00+00:00,3.0,77,7.3,0
2026-04-28 21:00:00+00:00,2.3,75,7.2,0
2026-04-28 22:00:00+00:00,1.6,75,6.8,0
2026-04-28 23:00:00+00:00,1.1,75,7.4,0
2026-04-29 00:00:00+00:00,0.7,75,6.1,0
2026-04-29 01:00:00+00:00,0.0,78,5.5,0
2026-04-29 02:00:00+00:00,-0.5,79,5.1,0
2026-04-29 03:00:00+00:00,-0.2,79,5.1,0
2026-04-29 04:00:00+00:00,1.3,79,4.9,0
2026-04-29 05:00:00+00:00,3.6,73,2.3,0
2026-04-29 06:00:00+00:00,6.3,61,3.5,2
2026-04-29 07:00:00+00:00,7.7,46,8.3,23
2026-04-29 08:00:00+00:00,8.4,40,10.1,53
2026-04-29 09:00:00+00:00,8.8,40,9.6,44
2026-04-29 10:00:00+00:00,9.3,43,8.3,59
2026-04-29 11:00:00+00:00,9.7,45,6.4,59
2026-04-29 12:00:00+00:00,10.1,42,6.4,38
2026-04-29 13:00:00+00:00,10.1,42,6.4,94
2026-04-29 14:00:00+00:00,8.6,45,9.6,80
2026-04-29 15:00:00+00:00,6.6,64,9.4,65
2026-04-29 16:00:00+00:00,6.8,66,1.6,9
2026-04-29 17:00:00+00:00,5.0,76,2.2,0
2026-04-29 18:00:00+00:00,4.5,77,1.2,9
2026-04-29 19:00:00+00:00,3.8,83,3.2,5
2026-04-29 20:00:00+00:00,3.1,84,3.8,2
2026-04-29 21:00:00+00:00,2.9,81,7.3,0
2026-04-29 22:00:00+00:00,1.9,83,6.4,0
2026-04-29 23:00:00+00:00,1.2,85,5.6,0
2026-04-30 00:00:00+00:00,0.9,85,6.0,0
2026-04-30 01:00:00+00:00,0.6,87,5.8,0
2026-04-30 02:00:00+00:00,0.2,88,7.1,0
2026-04-30 03:00:00+00:00,0.3,88,7.6,0
2026-04-30 04:00:00+00:00,1.6,88,7.0,0
2026-04-30 05:00:00+00:00,3.9,80,5.3,0
2026-04-30 06:00:00+00:00,6.3,67,6.1,4
2026-04-30 07:00:00+00:00,7.5,57,8.4,14
2026-04-30 08:00:00+00:00,8.4,52,8.3,64
2026-04-30 09:00:00+00:00,8.8,49,8.8,100
2026-04-30 10:00:00+00:00,9.0,47,10.1,98
2026-04-30 11:00:00+00:00,8.9,47,10.1,79
2026-04-30 12:00:00+00:00,8.0,50,12.7,38
2026-04-30 13:00:00+00:00,8.3,50,10.9,27
2026-04-30 14:00:00+00:00,8.0,50,10.6,23
2026-04-30 15:00:00+00:00,7.5,52,10.3,24
2026-04-30 16:00:00+00:00,6.6,61,8.4,2
2026-04-30 17:00:00+00:00,5.1,71,4.9,25
2026-04-30 18:00:00+00:00,4.8,76,7.5,66
2026-04-30 19:00:00+00:00,4.4,77,6.6,82
2026-04-30 20:00:00+00:00,3.6,81,5.0,79
2026-04-30 21:00:00+00:00,3.2,83,5.2,95
2026-04-30 22:00:00+00:00,2.7,84,6.0,25
2026-04-30 23:00:00+00:00,2.0,87,5.6,4
2026-05-01 00:00:00+00:00,1.9,88,5.2,6
2026-05-01 01:00:00+00:00,1.7,90,5.7,13
2026-05-01 02:00:00+00:00,1.3,91,5.9,7
2026-05-01 03:00:00+00:00,1.2,92,6.4,0
2026-05-01 04:00:00+00:00,2.4,90,4.7,1
2026-05-01 05:00:00+00:00,4.5,82,4.4,12
2026-05-01 06:00:00+00:00,6.2,69,4.3,13
2026-05-01 07:00:00+00:00,7.5,63,4.7,24
2026-05-01 08:00:00+00:00,8.3,57,4.2,98
2026-05-01 09:00:00+00:00,8.6,52,4.7,100
2026-05-01 10:00:00+00:00,8.8,49,6.1,100
2026-05-01 11:00:00+00:00,9.1,47,5.8,100
2026-05-01 12:00:00+00:00,7.4,59,7.0,20
2026-05-01 13:00:00+00:00,8.7,53,4.7,29
2026-05-01 14:00:00+00:00,8.7,55,7.6,41
2026-05-01 15:00:00+00:00,7.1,60,9.3,76
2026-05-01 16:00:00+00:00,6.9,63,4.0,5
2026-05-01 17:00:00+00:00,5.4,71,3.5,0
2026-05-01 18:00:00+00:00,5.1,70,4.0,4
2026-05-01 19:00:00+00:00,4.9,71,4.2,0
2026-05-01 20:00:00+00:00,4.1,75,4.6,26
2026-05-01 21:00:00+00:00,3.7,78,6.3,56
2026-05-01 22:00:00+00:00,3.6,76,7.4,63
2026-05-01 23:00:00+00:00,3.4,73,8.0,58
2026-05-02 00:00:00+00:00,1.7,77,7.9,4
2026-05-02 01:00:00+00:00,1.4,74,8.4,0
2026-05-02 02:00:00+00:00,1.0,74,7.7,2
2026-05-02 03:00:00+00:00,1.0,75,7.5,1
2026-05-02 04:00:00+00:00,2.4,78,7.1,0
2026-05-02 05:00:00+00:00,4.7,73,4.1,0
2026-05-02 06:00:00+00:00,7.8,43,9.6,40
2026-05-02 07:00:00+00:00,8.7,41,9.7,75
2026-05-02 08:00:00+00:00,9.3,41,9.3,97
2026-05-02 09:00:00+00:00,9.8,41,9.0,95
2026-05-02 10:00:00+00:00,10.1,41,7.9,100
2026-05-02 11:00:00+00:00,10.2,40,6.5,98
2026-05-02 12:00:00+00:00,10.7,38,6.8,99
2026-05-02 13:00:00+00:00,10.7,38,6.9,96
2026-05-02 14:00:00+00:00,10.6,37,7.3,100
2026-05-02 15:00:00+00:00,10.3,42,4.9,100
2026-05-02 16:00:00+00:00,9.7,62,1.6,100
2026-05-02 17:00:00+00:00,8.6,61,2.3,66
2026-05-02 18:00:00+00:00,7.6,57,6.4,41
2026-05-02 19:00:00+00:00,6.4,62,5.2,33
2026-05-02 20:00:00+00:00,5.9,63,4.3,77
2026-05-02 21:00:00+00:00,5.7,65,3.7,62
2026-05-02 22:00:00+00:00,5.2,68,5.1,45
2026-05-02 23:00:00+00:00,4.7,71,5.4,10
2026-05-03 00:00:00+00:00,3.8,70,5.2,0
2026-05-03 01:00:00+00:00,2.7,71,3.7,0
2026-05-03 02:00:00+00:00,1.9,73,3.0,0
2026-05-03 03:00:00+00:00,2.0,76,2.7,0
2026-05-03 04:00:00+00:00,3.7,73,3.3,0
2026-05-03 05:00:00+00:00,6.5,70,1.8,0
2026-05-03 06:00:00+00:00,10.2,52,4.1,0
2026-05-03 07:00:00+00:00,11.4,34,5.6,0
2026-05-03 08:00:00+00:00,12.0,34,3.8,0
2026-05-03 09:00:00+00:00,12.6,34,2.6,0
2026-05-03 10:00:00+00:00,13.3,35,1.6,0
2026-05-03 11:00:00+00:00,13.6,36,1.3,1
2026-05-03 12:00:00+00:00,14.7,32,3.6,0
2026-05-03 13:00:00+00:00,14.8,33,3.9,0
2026-05-03 14:00:00+00:00,14.5,34,4.3,0
2026-05-03 15:00:00+00:00,14.0,36,4.4,0
2026-05-03 16:00:00+00:00,12.7,57,3.1,0
2026-05-03 17:00:00+00:00,10.9,55,2.6,0
2026-05-03 18:00:00+00:00,10.6,53,2.8,0
2026-05-03 19:00:00+00:00,9.5,61,4.9,0
2026-05-03 20:00:00+00:00,7.9,67,5.0,0
2026-05-03 21:00:00+00:00,6.8,72,4.6,0
2026-05-03 22:00:00+00:00,6.3,69,5.0,0
2026-05-03 23:00:00+00:00,5.8,69,3.5,0
2026-05-04 00:00:00+00:00,5.3,71,3.1,0
2026-05-04 01:00:00+00:00,5.2,69,1.1,0
2026-05-04 02:00:00+00:00,5.1,68,0.5,0
2026-05-04 03:00:00+00:00,5.6,70,0.2,0
2026-05-04 04:00:00+00:00,7.2,69,1.3,0
2026-05-04 05:00:00+00:00,9.8,65,1.1,0
2026-05-04 06:00:00+00:00,13.4,51,1.9,0
2026-05-04 07:00:00+00:00,15.6,41,2.3,0
2026-05-04 08:00:00+00:00,16.7,37,3.2,0
2026-05-04 09:00:00+00:00,17.4,36,3.9,0
2026-05-04 10:00:00+00:00,18.0,36,4.0,0
2026-05-04 11:00:00+00:00,18.4,36,2.8,0
2026-05-04 12:00:00+00:00,19.1,34,0.7,0
2026-05-04 13:00:00+00:00,19.7,37,1.2,0
2026-05-04 14:00:00+00:00,19.5,38,2.6,0
2026-05-04 15:00:00+00:00,19.0,41,2.2,0
2026-05-04 16:00:00+00:00,17.5,61,0.4,0
2026-05-04 17:00:00+00:00,14.8,66,1.9,0
2026-05-04 18:00:00+00:00,14.3,62,7.7,0
2026-05-04 19:00:00+00:00,13.9,58,7.9,0
2026-05-04 20:00:00+00:00,12.9,59,7.8,0
2026-05-04 21:00:00+00:00,11.6,62,7.0,0
2026-05-04 22:00:00+00:00,10.7,64,6.5,0
2026-05-04 23:00:00+00:00,9.8,67,6.3,0
2026-05-05 00:00:00+00:00,10.0,63,7.8,0
2026-05-05 01:00:00+00:00,9.4,65,7.2,0
2026-05-05 02:00:00+00:00,8.7,67,6.8,0
2026-05-05 03:00:00+00:00,8.9,68,6.9,0
2026-05-05 04:00:00+00:00,10.6,66,6.0,0
2026-05-05 05:00:00+00:00,13.0,64,3.2,0
2026-05-05 06:00:00+00:00,16.8,53,3.3,1
2026-05-05 07:00:00+00:00,19.3,46,4.2,1
2026-05-05 08:00:00+00:00,21.0,39,5.4,0
2026-05-05 09:00:00+00:00,21.9,37,5.9,0
2026-05-05 10:00:00+00:00,22.4,37,5.6,0
2026-05-05 11:00:00+00:00,22.8,37,5.5,0
2026-05-05 12:00:00+00:00,23.7,31,3.7,23
2026-05-05 13:00:00+00:00,23.8,30,4.0,16
2026-05-05 14:00:00+00:00,23.5,31,4.4,13
2026-05-05 15:00:00+00:00,22.9,33,4.0,12
2026-05-05 16:00:00+00:00,21.1,48,5.6,6
2026-05-05 17:00:00+00:00,18.6,60,7.9,5
2026-05-05 18:00:00+00:00,17.5,58,10.0,5
2026-05-05 19:00:00+00:00,17.3,55,11.6,9
2026-05-05 20:00:00+00:00,16.6,51,11.8,4
2026-05-05 21:00:00+00:00,15.4,53,11.8,1
2026-05-05 22:00:00+00:00,14.4,52,11.4,2
2026-05-05 23:00:00+00:00,13.7,50,10.8,4
2026-05-06 00:00:00+00:00,12.7,58,10.1,2
2026-05-06 01:00:00+00:00,12.2,58,10.2,2
2026-05-06 02:00:00+00:00,11.5,61,9.0,2
2026-05-06 03:00:00+00:00,11.5,63,8.5,2
2026-05-06 04:00:00+00:00,12.7,64,6.8,0
2026-05-06 05:00:00+00:00,14.7,58,4.8,0
2026-05-06 06:00:00+00:00,18.1,47,5.0,0
2026-05-06 07:00:00+00:00,21.1,40,5.6,0
2026-05-06 08:00:00+00:00,23.3,36,6.1,0
2026-05-06 09:00:00+00:00,24.9,30,6.3,26
2026-05-06 10:00:00+00:00,25.4,26,7.3,17
2026-05-06 11:00:00+00:00,25.6,25,8.1,14
2026-05-06 12:00:00+00:00,26.4,22,8.9,9
2026-05-06 13:00:00+00:00,26.5,22,8.7,8
2026-05-06 14:00:00+00:00,26.2,23,8.7,5
2026-05-06 15:00:00+00:00,25.5,25,9.4,15
2026-05-06 16:00:00+00:00,23.7,35,11.9,25
2026-05-06 17:00:00+00:00,21.6,40,12.6,15
2026-05-06 18:00:00+00:00,20.3,40,12.9,16
2026-05-06 19:00:00+00:00,19.6,41,12.5,3
2026-05-06 20:00:00+00:00,18.7,42,11.2,0
2026-05-06 21:00:00+00:00,17.9,42,12.1,0
2026-05-06 22:00:00+00:00,16.8,47,11.7,0
2026-05-06 23:00:00+00:00,15.7,53,13.2,0
2026-05-07 00:00:00+00:00,15.5,54,12.9,0
2026-05-07 01:00:00+00:00,15.2,53,12.1,0
2026-05-07 02:00:00+00:00,14.7,52,11.1,0
2026-05-07 03:00:00+00:00,14.9,51,10.3,0
2026-05-07 04:00:00+00:00,16.3,49,9.4,0
2026-05-07 05:00:00+00:00,18.4,45,6.5,0
2026-05-07 06:00:00+00:00,21.7,36,7.1,0
2026-05-07 07:00:00+00:00,24.3,33,6.8,0
2026-05-07 08:00:00+00:00,26.2,29,9.5,2
2026-05-07 09:00:00+00:00,27.2,22,11.4,8
2026-05-07 10:00:00+00:00,27.7,21,10.9,4
2026-05-07 11:00:00+00:00,27.8,21,11.1,4
2026-05-07 12:00:00+00:00,28.1,20,12.0,4
2026-05-07 13:00:00+00:00,28.0,20,11.6,17
2026-05-07 14:00:00+00:00,27.5,22,11.7,47
2026-05-07 15:00:00+00:00,26.6,25,11.1,20
2026-05-07 16:00:00+00:00,25.3,31,8.8,9
2026-05-07 17:00:00+00:00,23.0,42,9.9,9
2026-05-07 18:00:00+00:00,21.7,41,10.9,6
2026-05-07 19:00:00+00:00,21.1,41,12.3,6
2026-05-07 20:00:00+00:00,20.4,40,13.1,5
2026-05-07 21:00:00+00:00,19.6,42,13.8,1
2026-05-07 22:00:00+00:00,18.6,46,12.6,0
2026-05-07 23:00:00+00:00,17.8,49,12.3,2
2026-05-08 00:00:00+00:00,17.1,49,11.7,2
2026-05-08 01:00:00+00:00,16.4,51,11.6,0
2026-05-08 02:00:00+00:00,15.7,52,11.0,0
2026-05-08 03:00:00+00:00,15.7,52,10.0,0
2026-05-08 04:00:00+00:00,16.8,50,6.6,0
2026-05-08 05:00:00+00:00,18.5,46,6.3,0
2026-05-08 06:00:00+00:00,21.3,37,5.4,0
2026-05-08 07:00:00+00:00,23.6,33,4.9,0
2026-05-08 08:00:00+00:00,25.4,30,5.3,0
2026-05-08 09:00:00+00:00,26.4,27,8.1,12
2026-05-08 10:00:00+00:00,26.6,27,9.9,7
2026-05-08 11:00:00+00:00,26.7,27,11.5,9
2026-05-08 12:00:00+00:00,27.1,23,10.7,1
2026-05-08 13:00:00+00:00,26.8,23,12.1,1
2026-05-08 14:00:00+00:00,26.2,25,11.7,0
2026-05-08 15:00:00+00:00,25.3,28,12.5,0
2026-05-08 16:00:00+00:00,23.6,35,12.5,0
2026-05-08 17:00:00+00:00,21.9,41,10.6,0
2026-05-08 18:00:00+00:00,20.9,39,12.7,10
2026-05-08 19:00:00+00:00,19.9,39,11.1,2
2026-05-08 20:00:00+00:00,18.9,41,9.8,0
2026-05-08 21:00:00+00:00,18.0,44,9.8,0
2026-05-08 22:00:00+00:00,16.9,48,10.3,0
2026-05-08 23:00:00+00:00,15.8,53,10.2,5
2026-05-09 00:00:00+00:00,14.8,57,9.8,28
2026-05-09 01:00:00+00:00,14.0,59,8.5,49
2026-05-09 02:00:00+00:00,13.4,60,7.9,80
2026-05-09 03:00:00+00:00,13.4,57,8.9,90
2026-05-09 04:00:00+00:00,14.7,52,7.8,94
2026-05-09 05:00:00+00:00,16.5,46,7.5,90
2026-05-09 06:00:00+00:00,18.8,38,9.0,93
2026-05-09 07:00:00+00:00,20.9,33,12.4,83
2026-05-09 08:00:00+00:00,22.2,30,14.6,98
2026-05-09 09:00:00+00:00,23.2,29,15.0,62
2026-05-09 10:00:00+00:00,23.9,27,14.8,100
2026-05-09 11:00:00+00:00,24.4,27,14.5,100
2026-05-09 12:00:00+00:00,24.8,24,12.2,100
2026-05-09 13:00:00+00:00,24.5,25,11.8,100
2026-05-09 14:00:00+00:00,24.0,27,10.5,99
2026-05-09 15:00:00+00:00,23.6,28,9.7,21
2026-05-09 16:00:00+00:00,22.6,31,6.7,85
2026-05-09 17:00:00+00:00,20.2,48,9.8,95
2026-05-09 18:00:00+00:00,18.7,61,10.2,100
2026-05-09 19:00:00+00:00,17.9,67,8.3,100
2026-05-09 20:00:00+00:00,17.3,68,8.3,100
2026-05-09 21:00:00+00:00,16.7,70,7.5,100
2026-05-09 22:00:00+00:00,16.3,72,8.6,100
2026-05-09 23:00:00+00:00,15.9,73,8.9,100
2026-05-10 00:00:00+00:00,15.4,78,7.3,100
2026-05-10 01:00:00+00:00,14.8,79,7.2,100
2026-05-10 02:00:00+00:00,14.2,81,7.5,97
2026-05-10 03:00:00+00:00,14.1,80,6.8,97
2026-05-10 04:00:00+00:00,15.1,74,4.0,92
2026-05-10 05:00:00+00:00,17.1,63,4.2,94
2026-05-10 06:00:00+00:00,19.4,53,4.4,100
2026-05-10 07:00:00+00:00,21.8,44,4.6,100
2026-05-10 08:00:00+00:00,23.5,36,6.0,100
2026-05-10 09:00:00+00:00,24.2,30,7.8,100
2026-05-10 10:00:00+00:00,24.8,27,8.5,100
2026-05-10 11:00:00+00:00,24.7,27,9.3,100
2026-05-10 12:00:00+00:00,25.2,25,11.4,100
2026-05-10 13:00:00+00:00,25.2,24,11.4,98
2026-05-10 14:00:00+00:00,25.0,25,13.6,100
2026-05-10 15:00:00+00:00,22.0,42,15.5,98
2026-05-10 16:00:00+00:00,21.1,50,7.3,100
2026-05-10 17:00:00+00:00,20.2,56,7.8,100
2026-05-10 18:00:00+00:00,18.3,68,9.3,99
2026-05-10 19:00:00+00:00,17.8,71,5.7,88
2026-05-10 20:00:00+00:00,17.4,73,5.4,100
2026-05-10 21:00:00+00:00,17.0,76,3.5,95
2026-05-10 22:00:00+00:00,16.5,80,1.5,73
2026-05-10 23:00:00+00:00,16.0,81,2.0,99
2026-05-11 00:00:00+00:00,15.9,85,6.2,100
2026-05-11 01:00:00+00:00,15.4,84,5.4,100
2026-05-11 02:00:00+00:00,14.9,85,3.8,99
2026-05-11 03:00:00+00:00,14.9,84,5.8,100
2026-05-11 04:00:00+00:00,15.9,77,5.7,99
2026-05-11 05:00:00+00:00,16.6,72,5.8,100
2026-05-11 06:00:00+00:00,17.6,68,10.2,95
2026-05-11 07:00:00+00:00,18.5,60,9.7,91
2026-05-11 08:00:00+00:00,19.7,52,13.9,52
2026-05-11 09:00:00+00:00,20.7,48,13.3,100
2026-05-11 10:00:00+00:00,20.1,51,13.7,86
2026-05-11 11:00:00+00:00,19.4,56,12.9,81
2026-05-11 12:00:00+00:00,18.2,60,9.5,100
2026-05-11 13:00:00+00:00,18.2,61,7.6,100
2026-05-11 14:00:00+00:00,18.8,57,8.9,24
2026-05-11 15:00:00+00:00,18.2,60,9.7,65
2026-05-11 16:00:00+00:00,17.1,68,8.6,77
2026-05-11 17:00:00+00:00,16.3,74,6.4,95
2026-05-11 18:00:00+00:00,15.4,83,5.0,80
2026-05-11 19:00:00+00:00,14.9,86,6.4,98
2026-05-11 20:00:00+00:00,14.4,90,7.4,100
2026-05-11 21:00:00+00:00,14.3,90,8.6,100
2026-05-11 22:00:00+00:00,14.2,90,9.8,100
2026-05-11 23:00:00+00:00,14.0,88,9.5,100
2026-05-12 00:00:00+00:00,13.8,90,7.9,100
2026-05-12 01:00:00+00:00,13.7,89,7.8,36
2026-05-12 02:00:00+00:00,13.0,90,8.5,2
2026-05-12 03:00:00+00:00,12.6,90,8.0,14
2026-05-12 04:00:00+00:00,13.7,83,6.0,5
2026-05-12 05:00:00+00:00,15.5,69,6.8,5
2026-05-12 06:00:00+00:00,17.2,56,11.5,35
2026-05-12 07:00:00+00:00,18.1,50,10.7,20
2026-05-12 08:00:00+00:00,19.2,45,10.3,20
2026-05-12 09:00:00+00:00,20.1,42,9.8,13
2026-05-12 10:00:00+00:00,20.8,40,9.6,27
2026-05-12 11:00:00+00:00,21.8,35,12.3,58
2026-05-12 12:00:00+00:00,21.9,36,11.9,38
2026-05-12 13:00:00+00:00,21.9,35,10.9,70
2026-05-12 14:00:00+00:00,21.6,37,10.6,81
2026-05-12 15:00:00+00:00,21.3,39,10.2,80
2026-05-12 16:00:00+00:00,20.8,41,7.7,73
2026-05-12 17:00:00+00:00,19.3,52,8.0,31
2026-05-12 18:00:00+00:00,18.1,59,10.2,18
2026-05-12 19:00:00+00:00,16.9,63,10.0,7
2026-05-12 20:00:00+00:00,15.9,66,9.4,6
2026-05-12 21:00:00+00:00,15.4,64,9.8,4
2026-05-12 22:00:00+00:00,15.0,60,10.7,3
2026-05-12 23:00:00+00:00,14.3,61,9.7,2
2026-05-13 00:00:00+00:00,13.5,69,9.9,2
2026-05-13 01:00:00+00:00,12.6,74,6.5,2
2026-05-13 02:00:00+00:00,11.8,79,6.2,1
2026-05-13 03:00:00+00:00,12.3,77,5.6,1
2026-05-13 04:00:00+00:00,14.1,69,3.5,1
2026-05-13 05:00:00+00:00,16.5,61,5.6,0
2026-05-13 06:00:00+00:00,18.9,53,7.7,0
2026-05-13 07:00:00+00:00,20.1,46,11.6,27
2026-05-13 08:00:00+00:00,20.7,43,12.4,12
2026-05-13 09:00:00+00:00,21.5,38,11.8,2
2026-05-13 10:00:00+00:00,22.2,35,11.1,4
2026-05-13 11:00:00+00:00,22.8,33,10.0,29
2026-05-13 12:00:00+00:00,23.7,33,9.2,49
2026-05-13 13:00:00+00:00,23.2,35,9.0,67
2026-05-13 14:00:00+00:00,22.9,38,9.9,27
2026-05-13 15:00:00+00:00,22.2,40,11.0,70
2026-05-13 16:00:00+00:00,21.4,44,10.9,98
2026-05-13 17:00:00+00:00,19.8,53,11.0,99
2026-05-13 18:00:00+00:00,18.1,66,4.8,100
2026-05-13 19:00:00+00:00,17.8,69,5.8,95
2026-05-13 20:00:00+00:00,16.7,78,10.3,95
2026-05-13 21:00:00+00:00,15.7,84,7.7,98
2026-05-13 22:00:00+00:00,15.2,86,8.2,95
2026-05-13 23:00:00+00:00,14.7,89,6.2,97
2026-05-14 00:00:00+00:00,14.6,92,7.1,100
2026-05-14 01:00:00+00:00,14.5,93,5.8,99
2026-05-14 02:00:00+00:00,13.9,97,5.6,85
2026-05-14 03:00:00+00:00,14.1,95,6.9,72
2026-05-14 04:00:00+00:00,14.6,90,10.2,91
2026-05-14 05:00:00+00:00,14.3,89,10.1,100
2026-05-14 06:00:00+00:00,16.0,77,11.8,100
2026-05-14 07:00:00+00:00,16.8,72,11.0,100
2026-05-14 08:00:00+00:00,17.4,68,12.2,84
2026-05-14 09:00:00+00:00,18.6,63,10.5,38
2026-05-14 10:00:00+00:00,20.4,51,11.4,100
2026-05-14 11:00:00+00:00,16.8,66,11.4,21
2026-05-14 12:00:00+00:00,19.1,51,9.0,41
2026-05-14 13:00:00+00:00,16.9,64,11.2,28
2026-05-14 14:00:00+00:00,18.0,56,13.5,23
2026-05-14 15:00:00+00:00,17.8,52,11.4,23
2026-05-14 16:00:00+00:00,17.1,55,10.7,24
2026-05-14 17:00:00+00:00,15.9,64,7.4,55
2026-05-14 18:00:00+00:00,15.1,67,9.0,15
2026-05-14 19:00:00+00:00,13.9,73,7.4,27
2026-05-14 20:00:00+00:00,12.7,82,6.4,52
2026-05-14 21:00:00+00:00,11.9,89,5.8,49
2026-05-14 22:00:00+00:00,11.3,93,5.9,5
2026-05-14 23:00:00+00:00,10.7,94,6.0,3
2026-05-15 00:00:00+00:00,10.6,94,5.9,65
2026-05-15 01:00:00+00:00,10.4,93,5.2,100
2026-05-15 02:00:00+00:00,10.3,92,6.0,100
2026-05-15 03:00:00+00:00,10.7,88,6.3,48
2026-05-15 04:00:00+00:00,11.4,80,10.7,100
2026-05-15 05:00:00+00:00,12.1,75,11.6,100
2026-05-15 06:00:00+00:00,12.9,71,11.8,100
2026-05-15 07:00:00+00:00,13.8,68,11.1,100
2026-05-15 08:00:00+00:00,14.7,66,10.8,100
2026-05-15 09:00:00+00:00,15.4,63,12.2,100
2026-05-15 10:00:00+00:00,16.2,61,12.5,100
2026-05-15 11:00:00+00:00,16.4,62,13.2,100
2026-05-15 12:00:00+00:00,16.9,59,12.9,100
2026-05-15 13:00:00+00:00,16.5,61,12.5,100
2026-05-15 14:00:00+00:00,16.8,59,11.5,100
2026-05-15 15:00:00+00:00,16.6,59,10.5,93
2026-05-15 16:00:00+00:00,16.2,59,9.1,75
2026-05-15 17:00:00+00:00,15.8,64,5.0,92
2026-05-15 18:00:00+00:00,15.5,66,5.9,7
2026-05-15 19:00:00+00:00,13.9,74,5.2,1
2026-05-15 20:00:00+00:00,13.0,79,3.7,1
2026-05-15 21:00:00+00:00,12.2,83,3.4,5
2026-05-15 22:00:00+00:00,11.5,86,3.4,13
2026-05-15 23:00:00+00:00,11.1,88,3.6,2
2026-05-16 00:00:00+00:00,10.7,91,2.9,17
2026-05-16 01:00:00+00:00,10.1,93,3.2,41
2026-05-16 02:00:00+00:00,9.7,94,2.9,72
2026-05-16 03:00:00+00:00,10.5,92,5.1,74
2026-05-16 04:00:00+00:00,12.3,84,3.5,100
2026-05-16 05:00:00+00:00,14.6,75,3.6,97
2026-05-16 06:00:00+00:00,16.5,64,4.7,96
2026-05-16 07:00:00+00:00,17.9,57,4.6,95
2026-05-16 08:00:00+00:00,18.5,53,5.1,100
2026-05-16 09:00:00+00:00,18.7,53,5.2,100
2026-05-16 10:00:00+00:00,19.7,49,4.2,100
2026-05-16 11:00:00+00:00,19.9,48,4.4,100
2026-05-16 12:00:00+00:00,20.9,44,6.2,100
2026-05-16 13:00:00+00:00,21.3,43,6.0,100
2026-05-16 14:00:00+00:00,20.6,45,6.6,100
2026-05-16 15:00:00+00:00,20.2,47,6.7,100
2026-05-16 16:00:00+00:00,19.8,49,6.7,100
2026-05-16 17:00:00+00:00,18.9,54,7.8,100
2026-05-16 18:00:00+00:00,18.6,57,10.7,71
2026-05-16 19:00:00+00:00,18.0,59,9.6,96
2026-05-16 20:00:00+00:00,17.0,63,9.0,79
2026-05-16 21:00:00+00:00,16.5,65,8.8,88
2026-05-16 22:00:00+00:00,15.7,68,7.8,98
2026-05-16 23:00:00+00:00,15.1,70,7.4,98
2026-05-17 00:00:00+00:00,14.9,70,8.7,80
2026-05-17 01:00:00+00:00,14.3,72,10.0,100
2026-05-17 02:00:00+00:00,14.4,71,9.6,96
2026-05-17 03:00:00+00:00,14.4,71,10.6,84
2026-05-17 04:00:00+00:00,15.6,66,9.2,91
2026-05-17 05:00:00+00:00,17.3,59,8.6,99
2026-05-17 06:00:00+00:00,18.0,58,9.4,100
2026-05-17 07:00:00+00:00,18.0,64,9.1,100
2026-05-17 08:00:00+00:00,17.1,77,4.7,97
2026-05-17 09:00:00+00:00,19.4,68,10.3,99
2026-05-17 10:00:00+00:00,21.2,61,13.1,88
2026-05-17 11:00:00+00:00,22.8,57,10.1,60
2026-05-17 12:00:00+00:00,24.2,52,10.1,100
2026-05-17 13:00:00+00:00,18.3,85,13.7,95
2026-05-17 14:00:00+00:00,20.4,74,11.1,46
2026-05-17 15:00:00+00:00,21.3,69,14.8,57
2026-05-17 16:00:00+00:00,16.9,93,20.2,99
2026-05-17 17:00:00+00:00,16.5,95,15.6,100
2026-05-17 18:00:00+00:00,16.7,92,14.1,100
2026-05-17 19:00:00+00:00,16.3,93,13.6,100
2026-05-17 20:00:00+00:00,16.0,93,13.0,100
2026-05-17 21:00:00+00:00,15.9,93,11.1,100
2026-05-17 22:00:00+00:00,15.5,93,9.9,100
2026-05-17 23:00:00+00:00,15.4,93,7.1,95
2026-05-18 00:00:00+00:00,15.5,95,7.3,92
2026-05-18 01:00:00+00:00,14.7,96,7.0,91
2026-05-18 02:00:00+00:00,14.2,96,3.9,97
2026-05-18 03:00:00+00:00,14.6,96,5.0,95
2026-05-18 04:00:00+00:00,15.9,92,3.4,84
2026-05-18 05:00:00+00:00,17.6,81,4.2,91
2026-05-18 06:00:00+00:00,19.4,71,3.2,88
2026-05-18 07:00:00+00:00,20.6,66,2.7,89
2026-05-18 08:00:00+00:00,21.6,63,4.2,98
2026-05-18 09:00:00+00:00,22.6,63,5.5,99
2026-05-18 10:00:00+00:00,23.5,62,3.9,100
2026-05-18 11:00:00+00:00,24.5,60,5.6,99
2026-05-18 12:00:00+00:00,25.9,46,4.6,99
2026-05-18 13:00:00+00:00,25.6,50,9.1,97
2026-05-18 14:00:00+00:00,23.8,65,15.4,62
2026-05-18 15:00:00+00:00,22.6,68,12.8,66
2026-05-18 16:00:00+00:00,21.8,73,12.4,98
2026-05-18 17:00:00+00:00,20.3,80,14.3,77
2026-05-18 18:00:00+00:00,19.1,78,11.6,26
2026-05-18 19:00:00+00:00,18.4,79,11.1,9
2026-05-18 20:00:00+00:00,18.0,80,11.4,8
2026-05-18 21:00:00+00:00,17.2,84,9.2,2
2026-05-18 22:00:00+00:00,16.5,87,7.6,1
2026-05-18 23:00:00+00:00,16.0,88,6.3,1
2026-05-19 00:00:00+00:00,16.6,84,6.7,1
2026-05-19 01:00:00+00:00,16.3,79,8.0,1
2026-05-19 02:00:00+00:00,16.2,76,9.3,0
2026-05-19 03:00:00+00:00,17.1,71,9.8,0
2026-05-19 04:00:00+00:00,18.9,63,7.1,0
2026-05-19 05:00:00+00:00,21.2,54,6.8,0
2026-05-19 06:00:00+00:00,24.6,42,9.0,0
2026-05-19 07:00:00+00:00,26.4,37,10.0,0
2026-05-19 08:00:00+00:00,27.9,34,9.2,19
2026-05-19 09:00:00+00:00,29.0,32,10.0,48
2026-05-19 10:00:00+00:00,28.9,32,9.5,30
2026-05-19 11:00:00+00:00,26.8,39,16.2,82
2026-05-19 12:00:00+00:00,29.5,21,20.4,29
2026-05-19 13:00:00+00:00,28.4,25,19.9,24
2026-05-19 14:00:00+00:00,26.2,33,22.3,27
2026-05-19 15:00:00+00:00,25.8,37,17.4,52
2026-05-19 16:00:00+00:00,25.2,39,14.0,69
2026-05-19 17:00:00+00:00,23.9,46,13.6,89
2026-05-19 18:00:00+00:00,23.5,45,13.6,95
2026-05-19 19:00:00+00:00,22.6,47,10.6,86
2026-05-19 20:00:00+00:00,21.8,51,11.3,16
2026-05-19 21:00:00+00:00,21.1,53,11.6,75
2026-05-19 22:00:00+00:00,20.3,56,12.7,80
2026-05-19 23:00:00+00:00,19.9,58,10.7,83
2026-05-20 00:00:00+00:00,19.8,60,12.4,97
2026-05-20 01:00:00+00:00,18.9,61,12.6,97
2026-05-20 02:00:00+00:00,18.6,60,11.5,70
2026-05-20 03:00:00+00:00,19.0,59,11.6,65
2026-05-20 04:00:00+00:00,20.6,53,10.7,88
2026-05-20 05:00:00+00:00,22.3,49,13.0,73
2026-05-20 06:00:00+00:00,25.0,40,15.5,68
2026-05-20 07:00:00+00:00,26.2,37,15.4,60
2026-05-20 08:00:00+00:00,27.4,35,17.2,77
2026-05-20 09:00:00+00:00,27.9,33,19.7,10
2026-05-20 10:00:00+00:00,28.5,33,20.9,5
2026-05-20 11:00:00+00:00,28.8,32,22.5,1
2026-05-20 12:00:00+00:00,27.3,32,24.3,93
2026-05-20 13:00:00+00:00,27.1,31,27.1,95
2026-05-20 14:00:00+00:00,26.6,33,21.7,42
2026-05-20 15:00:00+00:00,26.7,36,16.8,73
2026-05-20 16:00:00+00:00,26.1,39,14.0,88
2026-05-20 17:00:00+00:00,25.1,45,10.5,45
2026-05-20 18:00:00+00:00,24.4,47,5.2,50
2026-05-20 19:00:00+00:00,23.2,52,8.1,31
2026-05-20 20:00:00+00:00,22.1,56,7.8,5
2026-05-20 21:00:00+00:00,21.5,57,8.8,12
2026-05-20 22:00:00+00:00,20.9,59,9.6,53
2026-05-20 23:00:00+00:00,20.2,62,9.8,74
2026-05-21 00:00:00+00:00,19.3,64,9.6,97
2026-05-21 01:00:00+00:00,18.6,66,8.8,86
2026-05-21 02:00:00+00:00,17.8,68,9.3,30
2026-05-21 03:00:00+00:00,18.0,62,9.9,98
2026-05-21 04:00:00+00:00,19.2,54,8.6,100
2026-05-21 05:00:00+00:00,21.6,47,9.5,82
2026-05-21 06:00:00+00:00,25.0,39,11.1,95
2026-05-21 07:00:00+00:00,26.9,34,13.4,84
2026-05-21 08:00:00+00:00,28.0,30,15.8,41
2026-05-21 09:00:00+00:00,29.3,25,17.0,39
2026-05-21 10:00:00+00:00,29.7,22,17.9,71
2026-05-21 11:00:00+00:00,29.7,20,20.4,30
2026-05-21 12:00:00+00:00,30.7,16,19.1,13
2026-05-21 13:00:00+00:00,30.9,15,19.1,11
2026-05-21 14:00:00+00:00,30.7,15,19.9,19
2026-05-21 15:00:00+00:00,30.2,16,20.3,24
2026-05-21 16:00:00+00:00,29.1,20,14.1,9
2026-05-21 17:00:00+00:00,27.3,27,10.4,3
2026-05-21 18:00:00+00:00,26.5,27,12.9,9
2026-05-21 19:00:00+00:00,25.3,26,13.7,5
2026-05-21 20:00:00+00:00,24.1,27,12.8,8
2026-05-21 21:00:00+00:00,22.9,29,10.1,10
2026-05-21 22:00:00+00:00,22.0,31,9.1,0
2026-05-21 23:00:00+00:00,21.3,33,9.3,0
2026-05-22 00:00:00+00:00,20.3,37,11.2,0
2026-05-22 01:00:00+00:00,19.3,40,9.7,0
2026-05-22 02:00:00+00:00,18.8,42,8.0,0
2026-05-22 03:00:00+00:00,19.5,42,7.9,0
2026-05-22 04:00:00+00:00,21.0,41,6.1,0
2026-05-22 05:00:00+00:00,23.0,40,7.6,0
2026-05-22 06:00:00+00:00,26.0,37,8.9,0
2026-05-22 07:00:00+00:00,27.9,35,8.8,0
2026-05-22 08:00:00+00:00,29.5,31,9.1,2
2026-05-22 09:00:00+00:00,30.5,28,10.5,8
2026-05-22 10:00:00+00:00,31.2,23,11.6,21
2026-05-22 11:00:00+00:00,30.9,22,11.3,34
2026-05-22 12:00:00+00:00,31.2,20,15.3,58
2026-05-22 13:00:00+00:00,29.4,27,16.6,5
2026-05-22 14:00:00+00:00,29.3,28,12.4,9
2026-05-22 15:00:00+00:00,28.9,29,10.5,36
2026-05-22 16:00:00+00:00,28.1,31,9.9,11
2026-05-22 17:00:00+00:00,26.9,35,9.2,5
2026-05-22 18:00:00+00:00,26.1,39,8.0,58
2026-05-22 19:00:00+00:00,24.8,45,7.8,42
2026-05-22 20:00:00+00:00,23.7,48,7.9,28
2026-05-22 21:00:00+00:00,22.9,50,8.0,18
2026-05-22 22:00:00+00:00,22.1,52,5.8,23
2026-05-22 23:00:00+00:00,21.1,56,2.8,24
2026-05-23 00:00:00+00:00,19.6,71,3.3,9
2026-05-23 01:00:00+00:00,19.0,73,3.8,10
2026-05-23 02:00:00+00:00,18.6,74,4.8,2
2026-05-23 03:00:00+00:00,19.2,71,4.8,1
2026-05-23 04:00:00+00:00,20.8,63,1.7,1
2026-05-23 05:00:00+00:00,23.1,54,3.5,16
2026-05-23 06:00:00+00:00,25.2,44,3.2,1
2026-05-23 07:00:00+00:00,26.8,38,2.9,9
2026-05-23 08:00:00+00:00,27.8,35,2.4,30
2026-05-23 09:00:00+00:00,28.6,33,1.5,38
2026-05-23 10:00:00+00:00,27.0,37,7.1,100
2026-05-23 11:00:00+00:00,19.6,85,7.5,100
2026-05-23 12:00:00+00:00,25.1,46,9.0,73
2026-05-23 13:00:00+00:00,26.5,36,5.3,47
2026-05-23 14:00:00+00:00,24.3,43,14.9,77
2026-05-23 15:00:00+00:00,23.9,48,9.4,55
2026-05-23 16:00:00+00:00,23.6,49,9.2,77
2026-05-23 17:00:00+00:00,22.6,54,9.3,27
2026-05-23 18:00:00+00:00,20.8,60,7.3,100
2026-05-23 19:00:00+00:00,20.4,64,6.2,100
2026-05-23 20:00:00+00:00,20.2,66,4.7,100
2026-05-23 21:00:00+00:00,19.8,68,5.7,100
2026-05-23 22:00:00+00:00,19.3,71,6.8,96
2026-05-23 23:00:00+00:00,18.8,74,8.3,98
2026-05-24 00:00:00+00:00,16.1,89,9.7,38
2026-05-24 01:00:00+00:00,15.7,93,10.2,9
2026-05-24 02:00:00+00:00,15.4,94,10.4,9
2026-05-24 03:00:00+00:00,16.0,89,9.8,17
2026-05-24 04:00:00+00:00,17.5,78,11.4,61
2026-05-24 05:00:00+00:00,19.3,67,12.6,83
2026-05-24 06:00:00+00:00,20.4,64,10.8,84
2026-05-24 07:00:00+00:00,21.7,57,10.3,32
2026-05-24 08:00:00+00:00,22.7,51,10.1,38
2026-05-24 09:00:00+00:00,23.5,48,10.2,31
2026-05-24 10:00:00+00:00,24.0,44,10.7,33
2026-05-24 11:00:00+00:00,24.0,43,11.4,30
2026-05-24 12:00:00+00:00,25.4,34,11.7,27
2026-05-24 13:00:00+00:00,25.1,32,10.2,25
2026-05-24 14:00:00+00:00,25.2,30,9.5,34
2026-05-24 15:00:00+00:00,24.8,29,11.7,31
2026-05-24 16:00:00+00:00,24.0,31,10.1,2
2026-05-24 17:00:00+00:00,23.0,32,8.8,20
2026-05-24 18:00:00+00:00,21.7,39,12.2,8
2026-05-24 19:00:00+00:00,20.5,42,8.8,26
2026-05-24 20:00:00+00:00,19.7,45,6.5,6
2026-05-24 21:00:00+00:00,18.8,49,5.8,6
2026-05-24 22:00:00+00:00,17.7,55,8.7,24
2026-05-24 23:00:00+00:00,17.1,58,7.6,26
2026-05-25 00:00:00+00:00,16.2,63,6.8,16
2026-05-25 01:00:00+00:00,15.5,65,6.6,5
2026-05-25 02:00:00+00:00,14.9,68,7.5,20
2026-05-25 03:00:00+00:00,15.8,65,7.7,72
2026-05-25 04:00:00+00:00,17.7,58,5.4,14
2026-05-25 05:00:00+00:00,20.1,50,8.8,46
2026-05-25 06:00:00+00:00,21.9,44,11.1,84
2026-05-25 07:00:00+00:00,18.7,65,9.3,41
2026-05-25 08:00:00+00:00,21.4,51,9.4,9
2026-05-25 09:00:00+00:00,22.7,48,12.6,9
2026-05-25 10:00:00+00:00,23.6,47,14.3,24
2026-05-25 11:00:00+00:00,24.0,42,15.4,51
2026-05-25 12:00:00+00:00,23.6,45,12.5,33
2026-05-25 13:00:00+00:00,23.9,36,14.3,26
2026-05-25 14:00:00+00:00,23.6,32,15.2,9
2026-05-25 15:00:00+00:00,22.7,35,17.4,21
2026-05-25 16:00:00+00:00,21.6,39,16.1,66
2026-05-25 17:00:00+00:00,20.4,45,12.2,13
2026-05-25 18:00:00+00:00,19.4,49,10.9,88
2026-05-25 19:00:00+00:00,18.5,52,9.7,99
2026-05-25 20:00:00+00:00,17.7,54,11.0,88
2026-05-25 21:00:00+00:00,17.1,55,13.1,95
2026-05-25 22:00:00+00:00,16.6,55,13.4,100
2026-05-25 23:00:00+00:00,16.2,55,12.9,98
2026-05-26 00:00:00+00:00,15.4,57,12.7,94
2026-05-26 01:00:00+00:00,14.6,61,13.1,77
2026-05-26 02:00:00+00:00,14.3,63,13.3,55
2026-05-26 03:00:00+00:00,14.8,61,13.6,79
2026-05-26 04:00:00+00:00,16.0,59,13.3,77
2026-05-26 05:00:00+00:00,17.2,56,17.3,80
2026-05-26 06:00:00+00:00,18.6,51,21.9,74
2026-05-26 07:00:00+00:00,19.1,49,23.5,100
2026-05-26 08:00:00+00:00,18.3,53,23.8,100
2026-05-26 09:00:00+00:00,17.3,55,23.9,100
2026-05-26 10:00:00+00:00,17.2,53,25.3,76
2026-05-26 11:00:00+00:00,18.0,47,27.7,30
2026-05-26 12:00:00+00:00,18.0,45,28.6,21
2026-05-26 13:00:00+00:00,18.0,42,27.7,32
2026-05-26 14:00:00+00:00,18.1,41,25.8,18
2026-05-26 15:00:00+00:00,18.4,38,23.9,20
2026-05-26 16:00:00+00:00,18.0,35,21.3,20
2026-05-26 17:00:00+00:00,17.1,35,16.8,37
2026-05-26 18:00:00+00:00,15.9,41,13.5,91
2026-05-26 19:00:00+00:00,15.7,42,11.2,94
2026-05-26 20:00:00+00:00,15.3,42,9.0,21
2026-05-26 21:00:00+00:00,13.7,50,6.2,1
2026-05-26 22:00:00+00:00,12.4,58,7.9,2
2026-05-26 23:00:00+00:00,11.5,63,8.9,5
2026-05-27 00:00:00+00:00,11.1,61,10.6,39
2026-05-27 01:00:00+00:00,10.7,65,10.5,100
2026-05-27 02:00:00+00:00,11.7,64,10.9,100
2026-05-27 03:00:00+00:00,12.1,66,11.9,100
2026-05-27 04:00:00+00:00,11.9,74,13.0,100
2026-05-27 05:00:00+00:00,11.6,91,14.9,94
2026-05-27 06:00:00+00:00,13.3,86,15.4,99
2026-05-27 07:00:00+00:00,15.1,80,14.3,98
2026-05-27 08:00:00+00:00,16.3,73,16.5,100
2026-05-27 09:00:00+00:00,16.4,63,20.5,90
2026-05-27 10:00:00+00:00,18.0,51,21.3,100
2026-05-27 11:00:00+00:00,17.1,52,18.1,100
2026-05-27 12:00:00+00:00,19.1,45,18.9,66
2026-05-27 13:00:00+00:00,19.4,48,17.2,41
2026-05-27 14:00:00+00:00,19.4,49,21.2,45
2026-05-27 15:00:00+00:00,17.7,58,19.6,52
2026-05-27 16:00:00+00:00,17.4,61,15.1,48
2026-05-27 17:00:00+00:00,16.2,57,18.7,18
2026-05-27 18:00:00+00:00,13.8,66,18.2,16
2026-05-27 19:00:00+00:00,12.9,68,16.4,2
2026-05-27 20:00:00+00:00,11.6,67,13.6,0
2026-05-27 21:00:00+00:00,10.7,71,12.8,0
2026-05-27 22:00:00+00:00,10.2,74,13.5,1
2026-05-27 23:00:00+00:00,9.9,75,14.1,6
2026-05-28 00:00:00+00:00,9.4,69,14.7,0
2026-05-28 01:00:00+00:00,8.9,73,13.1,0
2026-05-28 02:00:00+00:00,8.6,75,14.2,0
2026-05-28 03:00:00+00:00,9.3,70,13.6,0
2026-05-28 04:00:00+00:00,10.5,63,15.8,0
2026-05-28 05:00:00+00:00,11.6,58,20.2,51
2026-05-28 06:00:00+00:00,12.5,55,18.2,34
2026-05-28 07:00:00+00:00,13.3,50,18.7,28
2026-05-28 08:00:00+00:00,14.5,43,18.9,19
2026-05-28 09:00:00+00:00,15.8,40,18.7,21
2026-05-28 10:00:00+00:00,16.6,38,17.7,49
2026-05-28 11:00:00+00:00,17.1,37,16.7,97
2026-05-28 12:00:00+00:00,13.7,51,18.9,88
2026-05-28 13:00:00+00:00,13.2,53,11.8,50
2026-05-28 14:00:00+00:00,14.3,50,13.9,24
2026-05-28 15:00:00+00:00,14.1,48,16.0,48
2026-05-28 16:00:00+00:00,12.6,51,15.4,0
2026-05-28 17:00:00+00:00,11.3,60,10.8,2
2026-05-28 18:00:00+00:00,10.5,67,10.5,2
2026-05-28 19:00:00+00:00,9.9,72,8.5,3
2026-05-28 20:00:00+00:00,9.1,78,7.5,2
2026-05-28 21:00:00+00:00,8.7,80,9.8,0
2026-05-28 22:00:00+00:00,8.3,79,11.3,0
2026-05-28 23:00:00+00:00,7.9,80,10.7,0
2026-05-29 00:00:00+00:00,7.5,82,10.0,2
2026-05-29 01:00:00+00:00,7.1,82,9.9,11
2026-05-29 02:00:00+00:00,7.0,80,11.2,10
2026-05-29 03:00:00+00:00,7.9,78,9.4,3
2026-05-29 04:00:00+00:00,9.2,72,11.6,2
2026-05-29 05:00:00+00:00,10.6,68,15.7,100
2026-05-29 06:00:00+00:00,11.5,61,16.4,31
2026-05-29 07:00:00+00:00,12.6,54,15.7,16
2026-05-29 08:00:00+00:00,13.5,46,17.5,17
2026-05-29 09:00:00+00:00,14.1,41,20.4,28
2026-05-29 10:00:00+00:00,14.2,43,19.3,81
2026-05-29 11:00:00+00:00,15.1,46,16.9,95
2026-05-29 12:00:00+00:00,14.5,44,15.7,52
2026-05-29 13:00:00+00:00,15.0,43,14.0,59
2026-05-29 14:00:00+00:00,14.8,44,13.2,88
2026-05-29 15:00:00+00:00,13.9,47,14.1,40
2026-05-29 16:00:00+00:00,13.1,51,14.7,56
2026-05-29 17:00:00+00:00,11.8,59,11.9,47
2026-05-29 18:00:00+00:00,10.5,68,9.5,14
2026-05-29 19:00:00+00:00,9.6,75,7.6,16
2026-05-29 20:00:00+00:00,9.2,79,7.1,16
2026-05-29 21:00:00+00:00,8.8,81,8.1,7
2026-05-29 22:00:00+00:00,8.1,83,7.9,12
2026-05-29 23:00:00+00:00,7.4,85,7.2,63
2026-05-30 00:00:00+00:00,7.2,83,7.1,74
2026-05-30 01:00:00+00:00,6.5,87,5.6,12
2026-05-30 02:00:00+00:00,6.1,89,4.9,16
2026-05-30 03:00:00+00:00,6.8,86,4.2,41
2026-05-30 04:00:00+00:00,8.2,79,3.6,70
2026-05-30 05:00:00+00:00,9.6,72,2.5,45
2026-05-30 06:00:00+00:00,11.2,64,2.2,100
2026-05-30 07:00:00+00:00,12.4,56,3.4,100
2026-05-30 08:00:00+00:00,12.5,54,2.4,100
2026-05-30 09:00:00+00:00,13.0,52,3.8,100
2026-05-30 10:00:00+00:00,12.9,53,4.0,100
2026-05-30 11:00:00+00:00,12.8,53,4.3,99
2026-05-30 12:00:00+00:00,14.4,52,3.8,100
2026-05-30 13:00:00+00:00,13.6,54,5.3,100
2026-05-30 14:00:00+00:00,10.8,78,7.7,85
2026-05-30 15:00:00+00:00,10.3,80,8.4,86
2026-05-30 16:00:00+00:00,11.0,75,5.6,83
2026-05-30 17:00:00+00:00,10.7,77,3.4,89
2026-05-30 18:00:00+00:00,9.8,82,1.4,52
2026-05-30 19:00:00+00:00,9.6,82,0.8,50
2026-05-30 20:00:00+00:00,9.0,86,0.0,23
2026-05-30 21:00:00+00:00,8.4,87,1.3,5
2026-05-30 22:00:00+00:00,7.7,91,3.4,5
2026-05-30 23:00:00+00:00,7.3,94,3.4,4
2026-05-31 00:00:00+00:00,6.6,96,3.8,20
2026-05-31 01:00:00+00:00,6.4,97,3.5,20
2026-05-31 02:00:00+00:00,6.2,96,3.9,7
2026-05-31 03:00:00+00:00,7.0,96,5.4,5
2026-05-31 04:00:00+00:00,8.7,89,2.7,5
2026-05-31 05:00:00+00:00,10.8,73,2.7,20
2026-05-31 06:00:00+00:00,12.2,65,1.6,33
2026-05-31 07:00:00+00:00,13.3,58,2.0,100
2026-05-31 08:00:00+00:00,13.9,53,2.5,100
2026-05-31 09:00:00+00:00,13.8,52,3.4,100
2026-05-31 10:00:00+00:00,14.0,51,3.8,100
2026-05-31 11:00:00+00:00,14.2,54,5.0,95
2026-05-31 12:00:00+00:00,12.7,65,6.7,58
2026-05-31 13:00:00+00:00,14.2,61,3.7,66
2026-05-31 14:00:00+00:00,12.7,70,10.1,64
2026-05-31 15:00:00+00:00,12.7,67,6.5,28
2026-05-31 16:00:00+00:00,12.4,68,5.9,26
2026-05-31 17:00:00+00:00,11.8,75,4.5,30
2026-05-31 18:00:00+00:00,11.0,77,5.2,37
2026-05-31 19:00:00+00:00,10.1,84,4.5,14
2026-05-31 20:00:00+00:00,9.5,87,4.6,4
2026-05-31 21:00:00+00:00,8.9,90,5.7,5
2026-05-31 22:00:00+00:00,8.3,92,5.8,4
2026-05-31 23:00:00+00:00,7.9,93,6.2,2
2026-06-01 00:00:00+00:00,7.6,93,7.0,9
2026-06-01 01:00:00+00:00,7.3,92,7.7,28
2026-06-01 02:00:00+00:00,7.2,92,8.2,23
2026-06-01 03:00:00+00:00,8.1,89,8.8,20
2026-06-01 04:00:00+00:00,9.6,83,7.6,24
2026-06-01 05:00:00+00:00,11.7,76,6.9,69
2026-06-01 06:00:00+00:00,13.1,70,6.3,45
2026-06-01 07:00:00+00:00,13.8,63,12.5,58
2026-06-01 08:00:00+00:00,14.6,56,9.5,27
2026-06-01 09:00:00+00:00,16.5,56,10.1,53
2026-06-01 10:00:00+00:00,17.0,52,14.6,70
2026-06-01 11:00:00+00:00,15.2,59,17.2,98
2026-06-01 12:00:00+00:00,14.7,67,16.6,88
2026-06-01 13:00:00+00:00,16.5,57,9.4,80
2026-06-01 14:00:00+00:00,16.7,56,10.0,96
2026-06-01 15:00:00+00:00,15.8,62,9.8,53
2026-06-01 16:00:00+00:00,13.2,79,8.1,92
2026-06-01 17:00:00+00:00,12.9,84,4.6,90
2026-06-01 18:00:00+00:00,12.7,87,6.8,12
2026-06-01 19:00:00+00:00,12.1,88,9.4,3
2026-06-01 20:00:00+00:00,11.6,87,10.9,3
2026-06-01 21:00:00+00:00,11.2,87,10.8,2
2026-06-01 22:00:00+00:00,10.8,87,9.9,2
2026-06-01 23:00:00+00:00,10.3,87,8.7,1
2026-06-02 00:00:00+00:00,10.2,85,9.0,1
2026-06-02 01:00:00+00:00,9.7,85,7.8,1
2026-06-02 02:00:00+00:00,9.3,85,7.3,1
2026-06-02 03:00:00+00:00,10.2,82,7.7,1
2026-06-02 04:00:00+00:00,12.2,77,5.1,0
2026-06-02 05:00:00+00:00,14.8,68,4.0,0
2026-06-02 06:00:00+00:00,18.0,56,4.1,0
2026-06-02 07:00:00+00:00,19.9,43,5.5,9
2026-06-02 08:00:00+00:00,20.8,39,6.9,13
2026-06-02 09:00:00+00:00,21.7,36,7.6,18
2026-06-02 10:00:00+00:00,22.4,33,9.0,80
2026-06-02 11:00:00+00:00,22.5,33,9.9,55
2026-06-02 12:00:00+00:00,22.9,32,9.3,59
2026-06-02 13:00:00+00:00,23.0,32,9.3,91
2026-06-02 14:00:00+00:00,22.8,33,8.5,94
2026-06-02 15:00:00+00:00,22.3,34,7.5,83
2026-06-02 16:00:00+00:00,21.6,37,6.9,13
2026-06-02 17:00:00+00:00,20.1,44,3.9,17
2026-06-02 18:00:00+00:00,18.9,46,4.4,38
2026-06-02 19:00:00+00:00,17.9,50,5.3,37
2026-06-02 20:00:00+00:00,16.5,61,5.0,18
2026-06-02 21:00:00+00:00,15.0,70,3.7,8
2026-06-02 22:00:00+00:00,13.8,76,2.8,18
2026-06-02 23:00:00+00:00,12.8,81,2.7,55
2026-06-03 00:00:00+00:00,12.4,86,1.9,41
2026-06-03 01:00:00+00:00,11.6,88,1.9,96
2026-06-03 02:00:00+00:00,11.2,90,2.8,97
2026-06-03 03:00:00+00:00,12.6,81,4.6,46
2026-06-03 04:00:00+00:00,15.5,67,2.3,27
2026-06-03 05:00:00+00:00,18.5,53,2.2,5
2026-06-03 06:00:00+00:00,21.7,37,5.8,4
2026-06-03 07:00:00+00:00,23.1,30,7.1,26
2026-06-03 08:00:00+00:00,23.9,27,8.6,72
2026-06-03 09:00:00+00:00,24.6,25,8.8,99
2026-06-03 10:00:00+00:00,24.3,25,8.9,99
2026-06-03 11:00:00+00:00,24.0,26,8.3,98
2026-06-03 12:00:00+00:00,25.1,24,9.1,98
2026-06-03 13:00:00+00:00,24.3,25,10.0,59
2026-06-03 14:00:00+00:00,24.6,25,10.4,95
2026-06-03 15:00:00+00:00,24.2,26,9.2,99
2026-06-03 16:00:00+00:00,23.6,29,6.9,100
2026-06-03 17:00:00+00:00,22.5,35,7.9,100
2026-06-03 18:00:00+00:00,21.4,40,12.1,100
2026-06-03 19:00:00+00:00,20.8,42,10.3,99
2026-06-03 20:00:00+00:00,19.8,46,10.7,100
2026-06-03 21:00:00+00:00,18.7,51,10.0,99
2026-06-03 22:00:00+00:00,17.8,56,9.3,98
2026-06-03 23:00:00+00:00,17.0,58,9.2,95
2026-06-04 00:00:00+00:00,17.9,55,10.6,100
2026-06-04 01:00:00+00:00,17.3,58,9.0,100
2026-06-04 02:00:00+00:00,16.5,62,8.1,100
2026-06-04 03:00:00+00:00,16.4,64,6.5,100
2026-06-04 04:00:00+00:00,16.7,63,4.4,100
2026-06-04 05:00:00+00:00,17.2,62,3.5,100
2026-06-04 06:00:00+00:00,18.0,60,3.4,100
2026-06-04 07:00:00+00:00,18.9,56,4.2,100
2026-06-04 08:00:00+00:00,19.7,53,6.5,100
2026-06-04 09:00:00+00:00,20.7,49,8.5,100
2026-06-04 10:00:00+00:00,22.6,41,10.8,100
2026-06-04 11:00:00+00:00,20.6,48,10.7,100
2026-06-04 12:00:00+00:00,20.5,54,11.1,81
2026-06-04 13:00:00+00:00,20.5,56,10.7,100
2026-06-04 14:00:00+00:00,20.0,58,12.5,93
2026-06-04 15:00:00+00:00,20.1,63,14.9,30
2026-06-04 16:00:00+00:00,19.3,66,13.1,57
2026-06-04 17:00:00+00:00,18.4,70,11.0,60
2026-06-04 18:00:00+00:00,18.2,67,11.1,100
2026-06-04 19:00:00+00:00,18.1,68,10.1,100
2026-06-04 20:00:00+00:00,17.8,68,8.8,81
2026-06-04 21:00:00+00:00,17.6,69,9.4,66
2026-06-04 22:00:00+00:00,16.7,73,10.5,30
2026-06-04 23:00:00+00:00,16.0,76,6.4,16
2026-06-05 00:00:00+00:00,15.7,81,8.5,99
2026-06-05 01:00:00+00:00,15.5,81,7.7,63
2026-06-05 02:00:00+00:00,15.3,81,7.5,38
2026-06-05 03:00:00+00:00,15.8,78,6.5,47
2026-06-05 04:00:00+00:00,17.0,71,6.6,13
2026-06-05 05:00:00+00:00,19.2,61,6.7,6
2026-06-05 06:00:00+00:00,21.6,51,9.7,26
2026-06-05 07:00:00+00:00,22.3,48,10.0,44
2026-06-05 08:00:00+00:00,23.1,46,8.5,48
2026-06-05 09:00:00+00:00,23.8,44,7.7,48
2026-06-05 10:00:00+00:00,24.2,44,6.4,41
2026-06-05 11:00:00+00:00,24.7,41,5.2,27
2026-06-05 12:00:00+00:00,25.6,37,6.8,25
2026-06-05 13:00:00+00:00,25.7,36,6.1,16
2026-06-05 14:00:00+00:00,25.7,36,6.9,13
2026-06-05 15:00:00+00:00,25.4,36,8.0,41
2026-06-05 16:00:00+00:00,24.7,39,9.8,7
2026-06-05 17:00:00+00:00,23.2,46,8.2,2
2026-06-05 18:00:00+00:00,22.2,49,8.4,4
2026-06-05 19:00:00+00:00,21.4,52,7.1,2
2026-06-05 20:00:00+00:00,20.6,54,5.0,3
2026-06-05 21:00:00+00:00,19.5,59,3.3,3
2026-06-05 22:00:00+00:00,18.9,62,1.9,3
2026-06-05 23:00:00+00:00,18.1,66,2.4,2
2026-06-06 00:00:00+00:00,17.2,69,1.4,1
2026-06-06 01:00:00+00:00,16.5,73,1.1,1
2026-06-06 02:00:00+00:00,15.8,77,2.9,1
2026-06-06 03:00:00+00:00,17.1,71,5.2,7
2026-06-06 04:00:00+00:00,19.7,60,3.5,27
2026-06-06 05:00:00+00:00,22.3,48,4.1,13
2026-06-06 06:00:00+00:00,24.3,41,4.6,9
2026-06-06 07:00:00+00:00,25.6,35,4.6,20
2026-06-06 08:00:00+00:00,26.5,32,5.4,28
2026-06-06 09:00:00+00:00,27.2,30,4.9,40
2026-06-06 10:00:00+00:00,27.9,28,5.0,35
2026-06-06 11:00:00+00:00,28.4,28,5.4,37
2026-06-06 12:00:00+00:00,28.7,27,5.6,38
2026-06-06 13:00:00+00:00,28.6,27,4.9,37
2026-06-06 14:00:00+00:00,28.4,28,5.2,61
2026-06-06 15:00:00+00:00,28.0,28,6.8,89
2026-06-06 16:00:00+00:00,27.0,30,7.5,80
2026-06-06 17:00:00+00:00,26.0,32,5.5,65
2026-06-06 18:00:00+00:00,24.9,39,6.1,73
2026-06-06 19:00:00+00:00,23.7,47,5.8,57
2026-06-06 20:00:00+00:00,22.9,52,5.4,34
2026-06-06 21:00:00+00:00,22.0,54,4.3,18
2026-06-06 22:00:00+00:00,21.0,58,4.0,6
2026-06-06 23:00:00+00:00,19.9,62,5.5,56
2026-06-07 00:00:00+00:00,19.2,64,5.5,94
2026-06-07 01:00:00+00:00,18.0,70,3.6,73
2026-06-07 02:00:00+00:00,17.5,73,3.1,95
2026-06-07 03:00:00+00:00,18.4,70,4.7,76
2026-06-07 04:00:00+00:00,20.0,63,3.9,59
2026-06-07 05:00:00+00:00,22.3,53,6.0,64
2026-06-07 06:00:00+00:00,24.8,45,6.7,61
2026-06-07 07:00:00+00:00,26.4,39,5.7,65
2026-06-07 08:00:00+00:00,27.3,33,5.2,53
2026-06-07 09:00:00+00:00,28.0,33,6.4,47
2026-06-07 10:00:00+00:00,28.7,32,7.0,59
2026-06-07 11:00:00+00:00,28.9,32,7.9,60
2026-06-07 12:00:00+00:00,29.5,30,9.4,34
2026-06-07 13:00:00+00:00,29.1,32,10.3,56
2026-06-07 14:00:00+00:00,27.2,39,10.1,75
2026-06-07 15:00:00+00:00,27.2,37,6.0,34
2026-06-07 16:00:00+00:00,26.7,38,8.5,10
2026-06-07 17:00:00+00:00,25.8,40,9.5,26
2026-06-07 18:00:00+00:00,24.8,43,9.8,21
2026-06-07 19:00:00+00:00,23.6,47,9.2,11
2026-06-07 20:00:00+00:00,22.3,51,9.5,9
2026-06-07 21:00:00+00:00,21.1,53,10.6,10
2026-06-07 22:00:00+00:00,20.3,52,10.9,5
2026-06-07 23:00:00+00:00,19.8,49,10.9,3
2026-06-08 00:00:00+00:00,18.6,54,9.9,2
2026-06-08 01:00:00+00:00,17.8,56,9.3,1
2026-06-08 02:00:00+00:00,17.3,58,8.5,1
2026-06-08 03:00:00+00:00,17.9,56,7.2,0
2026-06-08 04:00:00+00:00,19.4,50,7.3,0
2026-06-08 05:00:00+00:00,21.6,44,7.5,7
2026-06-08 06:00:00+00:00,24.4,39,8.7,7
2026-06-08 07:00:00+00:00,26.1,38,10.1,0
2026-06-08 08:00:00+00:00,27.4,35,10.9,25
2026-06-08 09:00:00+00:00,27.9,33,9.9,36
2026-06-08 10:00:00+00:00,28.2,34,10.3,37
2026-06-08 11:00:00+00:00,24.9,49,18.9,68
2026-06-08 12:00:00+00:00,27.9,35,9.2,25
2026-06-08 13:00:00+00:00,28.3,33,10.7,15
2026-06-08 14:00:00+00:00,28.1,33,11.4,23
2026-06-08 15:00:00+00:00,26.2,43,11.4,15
2026-06-08 16:00:00+00:00,25.3,47,9.7,18
2026-06-08 17:00:00+00:00,24.1,55,9.6,26
2026-06-08 18:00:00+00:00,22.5,62,9.1,11
2026-06-08 19:00:00+00:00,21.4,66,4.6,5
2026-06-08 20:00:00+00:00,20.7,69,4.4,2
2026-06-08 21:00:00+00:00,20.0,71,4.7,0
2026-06-08 22:00:00+00:00,19.1,75,4.1,0
2026-06-08 23:00:00+00:00,18.3,79,3.8,0
2026-06-09 00:00:00+00:00,17.1,90,3.0,1
2026-06-09 01:00:00+00:00,16.2,93,5.2,2
2026-06-09 02:00:00+00:00,15.9,93,4.2,2
2026-06-09 03:00:00+00:00,16.7,88,3.4,1
2026-06-09 04:00:00+00:00,18.4,79,3.5,1
2026-06-09 05:00:00+00:00,20.4,69,4.3,0
2026-06-09 06:00:00+00:00,22.7,60,6.4,0
2026-06-09 07:00:00+00:00,23.9,56,9.2,26
2026-06-09 08:00:00+00:00,24.8,54,11.0,23
2026-06-09 09:00:00+00:00,25.5,50,10.8,18
2026-06-09 10:00:00+00:00,26.2,48,10.5,19
2026-06-09 11:00:00+00:00,26.6,45,10.6,18
2026-06-09 12:00:00+00:00,26.8,43,9.4,34
2026-06-09 13:00:00+00:00,26.9,41,8.9,22
2026-06-09 14:00:00+00:00,26.5,42,9.1,42
2026-06-09 15:00:00+00:00,25.9,44,9.4,50
2026-06-09 16:00:00+00:00,25.1,45,8.9,61
2026-06-09 17:00:00+00:00,24.0,50,8.4,42
2026-06-09 18:00:00+00:00,23.4,52,6.3,28
2026-06-09 19:00:00+00:00,22.2,56,8.1,27
2026-06-09 20:00:00+00:00,21.0,61,7.4,20
2026-06-09 21:00:00+00:00,20.1,66,6.3,13
2026-06-09 22:00:00+00:00,19.5,68,5.8,5
2026-06-09 23:00:00+00:00,18.6,72,5.7,2
2026-06-10 00:00:00+00:00,17.4,80,5.1,1
2026-06-10 01:00:00+00:00,16.5,86,4.4,1
2026-06-10 02:00:00+00:00,16.2,89,5.1,1
2026-06-10 03:00:00+00:00,16.9,85,4.2,1
2026-06-10 04:00:00+00:00,18.6,77,3.7,1
2026-06-10 05:00:00+00:00,20.5,67,5.0,1
2026-06-10 06:00:00+00:00,22.6,57,7.2,48
2026-06-10 07:00:00+00:00,23.6,52,6.4,97
2026-06-10 08:00:00+00:00,24.3,48,6.4,99
2026-06-10 09:00:00+00:00,25.2,47,6.1,21
2026-06-10 10:00:00+00:00,26.7,44,5.4,13
2026-06-10 11:00:00+00:00,27.3,42,5.6,28
2026-06-10 12:00:00+00:00,27.4,42,5.6,31
2026-06-10 13:00:00+00:00,27.6,41,4.5,22
2026-06-10 14:00:00+00:00,27.4,41,4.6,16
2026-06-10 15:00:00+00:00,26.9,43,3.1,24
2026-06-10 16:00:00+00:00,26.3,44,3.1,24
2026-06-10 17:00:00+00:00,24.7,50,6.3,32
2026-06-10 18:00:00+00:00,23.5,58,6.0,19
2026-06-10 19:00:00+00:00,22.6,64,4.6,18
2026-06-10 20:00:00+00:00,21.7,70,3.4,5
2026-06-10 21:00:00+00:00,20.7,76,4.9,2
2026-06-10 22:00:00+00:00,19.8,81,2.5,1
2026-06-10 23:00:00+00:00,19.3,84,2.6,7
2026-06-11 00:00:00+00:00,18.6,82,4.4,1
2026-06-11 01:00:00+00:00,18.1,85,4.3,2
2026-06-11 02:00:00+00:00,17.9,85,3.6,2
2026-06-11 03:00:00+00:00,18.8,82,3.0,1
2026-06-11 04:00:00+00:00,20.7,72,1.5,0
2026-06-11 05:00:00+00:00,23.0,61,1.9,2
2026-06-11 06:00:00+00:00,25.8,49,3.2,4
2026-06-11 07:00:00+00:00,27.2,43,5.1,20
2026-06-11 08:00:00+00:00,28.0,39,5.5,17
2026-06-11 09:00:00+00:00,29.0,37,6.3,5
2026-06-11 10:00:00+00:00,29.9,34,6.7,27
2026-06-11 11:00:00+00:00,29.8,34,5.6,35
2026-06-11 12:00:00+00:00,28.8,37,12.3,80
2026-06-11 13:00:00+00:00,29.3,34,6.0,30
2026-06-11 14:00:00+00:00,29.2,32,3.8,37
2026-06-11 15:00:00+00:00,27.6,37,4.0,63
2026-06-11 16:00:00+00:00,26.2,43,5.9,53
2026-06-11 17:00:00+00:00,25.3,49,7.3,27
2026-06-11 18:00:00+00:00,23.9,55,6.9,16
2026-06-11 19:00:00+00:00,22.5,64,4.3,43
2026-06-11 20:00:00+00:00,21.5,71,3.8,77
2026-06-11 21:00:00+00:00,20.8,76,2.4,80
2026-06-11 22:00:00+00:00,20.4,78,2.6,94
2026-06-11 23:00:00+00:00,20.1,79,0.6,98
2026-06-12 00:00:00+00:00,19.9,77,3.0,81
2026-06-12 01:00:00+00:00,19.4,79,4.8,2
2026-06-12 02:00:00+00:00,18.8,81,5.3,18
2026-06-12 03:00:00+00:00,19.7,77,4.0,45
2026-06-12 04:00:00+00:00,21.4,67,2.9,22
2026-06-12 05:00:00+00:00,23.7,55,4.1,14
2026-06-12 06:00:00+00:00,25.7,47,6.0,2
2026-06-12 07:00:00+00:00,26.9,43,4.9,16
2026-06-12 08:00:00+00:00,28.0,40,3.9,16
2026-06-12 09:00:00+00:00,28.9,37,5.2,16
2026-06-12 10:00:00+00:00,29.6,37,5.9,36
2026-06-12 11:00:00+00:00,29.9,35,7.8,48
2026-06-12 12:00:00+00:00,27.6,38,9.5,72
2026-06-12 13:00:00+00:00,27.3,42,4.0,85
2026-06-12 14:00:00+00:00,27.3,42,1.5,97
2026-06-12 15:00:00+00:00,26.9,43,3.1,67
2026-06-12 16:00:00+00:00,26.7,43,2.2,89
2026-06-12 17:00:00+00:00,25.9,46,3.7,90
2026-06-12 18:00:00+00:00,24.4,53,2.7,100
2026-06-12 19:00:00+00:00,23.5,62,1.0,100
2026-06-12 20:00:00+00:00,22.6,64,3.6,100
2026-06-12 21:00:00+00:00,21.8,67,4.0,95
2026-06-12 22:00:00+00:00,21.0,71,3.4,87
2026-06-12 23:00:00+00:00,20.6,77,1.7,77
2026-06-13 00:00:00+00:00,18.7,88,3.3,0
2026-06-13 01:00:00+00:00,18.2,89,3.1,0
2026-06-13 02:00:00+00:00,18.0,90,2.1,1
2026-06-13 03:00:00+00:00,19.0,86,1.8,0
2026-06-13 04:00:00+00:00,21.1,78,1.9,2
2026-06-13 05:00:00+00:00,23.1,68,3.3,6
2026-06-13 06:00:00+00:00,24.0,59,7.2,3
2026-06-13 07:00:00+00:00,24.4,60,8.4,42
2026-06-13 08:00:00+00:00,25.1,59,9.0,35
2026-06-13 09:00:00+00:00,22.4,74,10.1,88
2026-06-13 10:00:00+00:00,24.0,68,5.6,100
2026-06-13 11:00:00+00:00,19.8,87,10.4,99
2026-06-13 12:00:00+00:00,23.1,66,13.7,82
2026-06-13 13:00:00+00:00,21.3,78,13.7,74
2026-06-13 14:00:00+00:00,20.1,87,2.3,79
2026-06-13 15:00:00+00:00,20.2,85,8.3,70
2026-06-13 16:00:00+00:00,19.6,88,6.3,68
2026-06-13 17:00:00+00:00,19.4,85,11.9,86
2026-06-13 18:00:00+00:00,18.1,77,15.3,100
2026-06-13 19:00:00+00:00,17.5,76,13.8,100
2026-06-13 20:00:00+00:00,17.3,74,13.2,100
2026-06-13 21:00:00+00:00,17.1,74,12.2,100
2026-06-13 22:00:00+00:00,16.8,74,11.5,100
2026-06-13 23:00:00+00:00,16.7,74,10.8,100
2026-06-14 00:00:00+00:00,15.8,77,12.0,100
2026-06-14 01:00:00+00:00,15.4,78,11.1,100
2026-06-14 02:00:00+00:00,15.0,80,10.2,100
2026-06-14 03:00:00+00:00,14.9,80,9.8,100
2026-06-14 04:00:00+00:00,15.0,79,9.8,100
2026-06-14 05:00:00+00:00,15.4,75,9.9,74
2026-06-14 06:00:00+00:00,17.0,68,11.2,52
2026-06-14 07:00:00+00:00,18.5,60,12.5,32
2026-06-14 08:00:00+00:00,19.4,55,13.4,48
2026-06-14 09:00:00+00:00,20.4,49,14.1,49
2026-06-14 10:00:00+00:00,20.8,47,12.9,18
2026-06-14 11:00:00+00:00,21.5,45,11.1,23
2026-06-14 12:00:00+00:00,22.3,47,11.4,0
2026-06-14 13:00:00+00:00,22.4,45,10.8,19
2026-06-14 14:00:00+00:00,22.4,45,10.0,66
2026-06-14 15:00:00+00:00,22.1,46,8.6,27
2026-06-14 16:00:00+00:00,21.6,49,6.0,23
2026-06-14 17:00:00+00:00,20.5,62,2.4,5
2026-06-14 18:00:00+00:00,19.7,61,0.3,24
2026-06-14 19:00:00+00:00,18.9,65,4.2,45
2026-06-14 20:00:00+00:00,17.8,69,8.9,27
2026-06-14 21:00:00+00:00,17.0,71,8.6,72
2026-06-14 22:00:00+00:00,16.4,74,7.4,67
2026-06-14 23:00:00+00:00,15.7,77,6.8,61
2026-06-15 00:00:00+00:00,15.4,79,5.1,23
2026-06-15 01:00:00+00:00,14.9,81,6.2,30
2026-06-15 02:00:00+00:00,14.6,84,5.0,97
2026-06-15 03:00:00+00:00,15.2,86,1.2,22
2026-06-15 04:00:00+00:00,16.3,81,6.7,20
2026-06-15 05:00:00+00:00,18.0,74,8.2,37
2026-06-15 06:00:00+00:00,19.6,69,12.0,76
2026-06-15 07:00:00+00:00,20.5,63,14.5,66
2026-06-15 08:00:00+00:00,21.6,59,15.2,59
2026-06-15 09:00:00+00:00,22.5,54,17.2,100
2026-06-15 10:00:00+00:00,21.8,55,19.4,45
2026-06-15 11:00:00+00:00,18.5,71,16.9,26
2026-06-15 12:00:00+00:00,19.6,67,15.7,20
2026-06-15 13:00:00+00:00,20.0,57,16.3,18
2026-06-15 14:00:00+00:00,20.2,53,15.1,5
2026-06-15 15:00:00+00:00,20.0,51,12.5,24
2026-06-15 16:00:00+00:00,19.7,49,10.9,17
2026-06-15 17:00:00+00:00,18.9,53,7.9,25
2026-06-15 18:00:00+00:00,17.5,60,6.4,43
2026-06-15 19:00:00+00:00,16.4,68,4.2,9
2026-06-15 20:00:00+00:00,15.8,72,4.1,11
2026-06-15 21:00:00+00:00,15.2,73,6.6,37
2026-06-15 22:00:00+00:00,14.3,76,7.1,49
2026-06-15 23:00:00+00:00,13.8,78,7.4,3
2026-06-16 00:00:00+00:00,13.8,73,7.6,2
2026-06-16 01:00:00+00:00,12.9,77,6.6,2
2026-06-16 02:00:00+00:00,12.6,78,7.4,2
2026-06-16 03:00:00+00:00,13.5,76,8.3,1
2026-06-16 04:00:00+00:00,15.0,71,7.4,0
2026-06-16 05:00:00+00:00,16.8,64,8.5,0
2026-06-16 06:00:00+00:00,18.6,57,11.3,12
2026-06-16 07:00:00+00:00,19.6,50,14.3,22
2026-06-16 08:00:00+00:00,20.3,46,16.7,22
2026-06-16 09:00:00+00:00,20.9,47,15.6,21
2026-06-16 10:00:00+00:00,21.7,45,16.4,94
2026-06-16 11:00:00+00:00,21.7,45,17.3,100
2026-06-16 12:00:00+00:00,20.9,46,19.6,77
2026-06-16 13:00:00+00:00,19.2,57,11.1,14
2026-06-16 14:00:00+00:00,21.0,43,14.2,9
2026-06-16 15:00:00+00:00,21.1,41,14.0,13
2026-06-16 16:00:00+00:00,20.6,43,12.9,9
2026-06-16 17:00:00+00:00,19.5,50,8.9,15
2026-06-16 18:00:00+00:00,18.1,56,7.3,31
2026-06-16 19:00:00+00:00,17.2,60,8.2,31
2026-06-16 20:00:00+00:00,16.2,65,7.6,7
2026-06-16 21:00:00+00:00,15.3,70,7.6,7
2026-06-16 22:00:00+00:00,14.6,73,9.1,1
2026-06-16 23:00:00+00:00,14.2,73,10.8,3
2026-06-17 00:00:00+00:00,13.3,71,10.4,5
2026-06-17 01:00:00+00:00,12.6,77,9.1,0
2026-06-17 02:00:00+00:00,12.3,80,9.5,0
2026-06-17 03:00:00+00:00,13.1,78,7.7,0
2026-06-17 04:00:00+00:00,14.3,73,8.7,2
2026-06-17 05:00:00+00:00,15.9,68,9.1,78
2026-06-17 06:00:00+00:00,17.6,61,10.7,9
2026-06-17 07:00:00+00:00,19.0,53,13.9,20
2026-06-17 08:00:00+00:00,20.1,47,15.9,31
2026-06-17 09:00:00+00:00,21.0,42,16.5,42
2026-06-17 10:00:00+00:00,21.8,40,18.1,26
2026-06-17 11:00:00+00:00,22.0,40,19.0,99
2026-06-17 12:00:00+00:00,20.3,49,21.0,100
2026-06-17 13:00:00+00:00,18.5,60,10.1,40
2026-06-17 14:00:00+00:00,19.9,56,7.6,91
2026-06-17 15:00:00+00:00,19.9,56,3.0,43
2026-06-17 16:00:00+00:00,19.4,61,8.9,63
2026-06-17 17:00:00+00:00,18.1,72,5.8,86
2026-06-17 18:00:00+00:00,17.2,77,3.8,98
2026-06-17 19:00:00+00:00,17.0,79,2.3,96
2026-06-17 20:00:00+00:00,16.4,81,5.4,93
2026-06-17 21:00:00+00:00,15.8,85,5.6,92
2026-06-17 22:00:00+00:00,15.2,89,5.6,71
2026-06-17 23:00:00+00:00,14.7,92,6.8,95
2026-06-18 00:00:00+00:00,14.3,90,7.0,80
2026-06-18 01:00:00+00:00,13.9,91,6.7,79
2026-06-18 02:00:00+00:00,13.8,92,7.2,87
2026-06-18 03:00:00+00:00,14.6,89,5.9,8
2026-06-18 04:00:00+00:00,16.2,83,4.3,16
2026-06-18 05:00:00+00:00,18.3,73,4.8,29
2026-06-18 06:00:00+00:00,20.3,60,5.8,12
2026-06-18 07:00:00+00:00,21.1,55,8.1,45
2026-06-18 08:00:00+00:00,21.8,48,8.4,27
2026-06-18 09:00:00+00:00,22.2,45,8.3,38
2026-06-18 10:00:00+00:00,22.4,42,8.3,34
2026-06-18 11:00:00+00:00,22.9,40,8.3,42
2026-06-18 12:00:00+00:00,23.4,43,7.5,25
2026-06-18 13:00:00+00:00,23.8,40,8.5,23
2026-06-18 14:00:00+00:00,23.4,39,9.4,31
2026-06-18 15:00:00+00:00,22.9,38,9.2,46
2026-06-18 16:00:00+00:00,22.4,39,11.2,55
2026-06-18 17:00:00+00:00,21.1,46,10.2,45
2026-06-18 18:00:00+00:00,19.9,53,8.7,38
2026-06-18 19:00:00+00:00,18.9,58,9.7,52
2026-06-18 20:00:00+00:00,17.9,63,11.5,13
2026-06-18 21:00:00+00:00,16.7,67,12.1,5
2026-06-18 22:00:00+00:00,15.4,66,9.9,9
2026-06-18 23:00:00+00:00,14.7,65,8.1,2
2026-06-19 00:00:00+00:00,14.4,72,7.3,2
2026-06-19 01:00:00+00:00,13.7,75,6.5,41
2026-06-19 02:00:00+00:00,13.9,74,6.9,95
2026-06-19 03:00:00+00:00,14.9,71,6.0,79
2026-06-19 04:00:00+00:00,16.6,66,3.1,95
2026-06-19 05:00:00+00:00,18.3,58,2.9,100
2026-06-19 06:00:00+00:00,20.0,50,4.1,99
2026-06-19 07:00:00+00:00,20.9,46,6.4,59
2026-06-19 08:00:00+00:00,22.6,41,8.7,94
2026-06-19 09:00:00+00:00,22.6,42,10.3,100
2026-06-19 10:00:00+00:00,22.5,42,9.9,99
2026-06-19 11:00:00+00:00,23.0,41,10.0,100
2026-06-19 12:00:00+00:00,23.6,41,9.9,68
2026-06-19 13:00:00+00:00,23.4,41,9.4,76
2026-06-19 14:00:00+00:00,23.6,40,8.4,82
2026-06-19 15:00:00+00:00,23.7,39,8.2,36
2026-06-19 16:00:00+00:00,23.5,39,6.1,13
2026-06-19 17:00:00+00:00,22.8,44,2.6,1
2026-06-19 18:00:00+00:00,21.1,50,1.6,2
2026-06-19 19:00:00+00:00,19.9,54,3.3,0
2026-06-19 20:00:00+00:00,18.9,61,6.0,10
2026-06-19 21:00:00+00:00,18.2,67,7.0,8
2026-06-19 22:00:00+00:00,17.7,69,5.6,2
2026-06-19 23:00:00+00:00,16.7,72,5.3,13
2026-06-20 00:00:00+00:00,16.0,76,4.5,5
2026-06-20 01:00:00+00:00,15.2,79,4.3,5
2026-06-20 02:00:00+00:00,14.9,79,6.0,2
2026-06-20 03:00:00+00:00,16.3,68,5.6,2
2026-06-20 04:00:00+00:00,18.6,57,3.7,4
2026-06-20 05:00:00+00:00,21.1,47,4.4,9
2026-06-20 06:00:00+00:00,23.5,40,5.5,27
2026-06-20 07:00:00+00:00,24.4,39,5.8,34
2026-06-20 08:00:00+00:00,25.3,35,8.6,40
2026-06-20 09:00:00+00:00,25.6,34,13.1,30
2026-06-20 10:00:00+00:00,25.6,36,13.8,24
2026-06-20 11:00:00+00:00,25.7,37,13.4,36
2026-06-20 12:00:00+00:00,26.0,38,13.1,24
2026-06-20 13:00:00+00:00,25.9,36,14.1,26
2026-06-20 14:00:00+00:00,25.8,35,13.1,27
2026-06-20 15:00:00+00:00,25.2,37,14.9,21
2026-06-20 16:00:00+00:00,24.5,39,13.7,27
2026-06-20 17:00:00+00:00,23.4,43,11.8,5
2026-06-20 18:00:00+00:00,22.2,48,11.7,12
2026-06-20 19:00:00+00:00,21.1,52,10.9,2
2026-06-20 20:00:00+00:00,20.1,55,9.9,4
2026-06-20 21:00:00+00:00,19.4,56,8.1,4
2026-06-20 22:00:00+00:00,18.4,60,9.0,1
2026-06-20 23:00:00+00:00,17.6,64,9.7,2
2026-06-21 00:00:00+00:00,16.5,66,10.7,1
2026-06-21 01:00:00+00:00,15.7,68,10.4,0
2026-06-21 02:00:00+00:00,15.3,68,10.2,1
2026-06-21 03:00:00+00:00,16.0,66,8.9,0
2026-06-21 04:00:00+00:00,17.4,61,8.4,0
2026-06-21 05:00:00+00:00,19.2,55,9.4,0
2026-06-21 06:00:00+00:00,21.4,46,12.1,0
2026-06-21 07:00:00+00:00,22.7,41,14.5,9
2026-06-21 08:00:00+00:00,23.5,35,16.7,2
2026-06-21 09:00:00+00:00,24.5,31,19.5,30
2026-06-21 10:00:00+00:00,25.1,28,20.0,30
2026-06-21 11:00:00+00:00,25.7,26,20.1,41
2026-06-21 12:00:00+00:00,25.2,32,20.0,12
2026-06-21 13:00:00+00:00,24.8,34,17.1,16
2026-06-21 14:00:00+00:00,24.7,35,17.2,18
2026-06-21 15:00:00+00:00,24.3,36,17.8,34
2026-06-21 16:00:00+00:00,23.8,38,15.8,9
2026-06-21 17:00:00+00:00,22.9,42,11.7,5
2026-06-21 18:00:00+00:00,21.9,47,10.3,3
2026-06-21 19:00:00+00:00,21.1,50,8.9,5
2026-06-21 20:00:00+00:00,20.3,54,8.7,2
2026-06-21 21:00:00+00:00,19.5,57,7.6,3
2026-06-21 22:00:00+00:00,18.7,60,7.8,3
2026-06-21 23:00:00+00:00,18.2,62,8.1,44
2026-06-22 00:00:00+00:00,17.6,65,9.1,63
2026-06-22 01:00:00+00:00,17.2,68,8.4,44
2026-06-22 02:00:00+00:00,16.9,70,8.5,18
2026-06-22 03:00:00+00:00,17.8,67,9.1,34
2026-06-22 04:00:00+00:00,19.4,62,6.3,67
2026-06-22 05:00:00+00:00,21.7,55,5.9,79
2026-06-22 06:00:00+00:00,24.7,45,8.1,20
2026-06-22 07:00:00+00:00,26.4,38,12.9,20
2026-06-22 08:00:00+00:00,27.1,37,14.4,12
2026-06-22 09:00:00+00:00,27.8,37,12.4,14
2026-06-22 10:00:00+00:00,28.6,36,12.9,23
2026-06-22 11:00:00+00:00,29.3,36,12.6,31
2026-06-22 12:00:00+00:00,29.5,36,13.8,80
2026-06-22 13:00:00+00:00,23.7,65,13.1,77
2026-06-22 14:00:00+00:00,26.0,52,7.3,78
2026-06-22 15:00:00+00:00,26.4,52,12.8,83
2026-06-22 16:00:00+00:00,25.5,58,12.5,99
2026-06-22 17:00:00+00:00,22.1,76,13.0,100
2026-06-22 18:00:00+00:00,21.9,78,9.5,99
2026-06-22 19:00:00+00:00,21.1,83,9.0,71
2026-06-22 20:00:00+00:00,20.3,84,10.2,83
2026-06-22 21:00:00+00:00,19.9,84,10.3,98
2026-06-22 22:00:00+00:00,19.7,85,9.6,97
2026-06-22 23:00:00+00:00,19.4,87,9.1,84
2026-06-23 00:00:00+00:00,18.6,91,9.1,5
2026-06-23 01:00:00+00:00,18.0,93,9.3,88
2026-06-23 02:00:00+00:00,17.6,94,9.3,5
2026-06-23 03:00:00+00:00,18.4,89,8.6,5
2026-06-23 04:00:00+00:00,19.9,82,10.6,21
2026-06-23 05:00:00+00:00,21.6,71,10.2,48
2026-06-23 06:00:00+00:00,22.4,67,10.0,100
2026-06-23 07:00:00+00:00,23.2,63,10.6,47
2026-06-23 08:00:00+00:00,24.8,57,10.1,14
2026-06-23 09:00:00+00:00,25.9,51,11.5,20
2026-06-23 10:00:00+00:00,26.8,48,12.4,16
2026-06-23 11:00:00+00:00,27.4,44,12.9,5
2026-06-23 12:00:00+00:00,28.0,42,13.1,20
2026-06-23 13:00:00+00:00,28.1,40,13.3,11
2026-06-23 14:00:00+00:00,28.0,39,13.0,14
2026-06-23 15:00:00+00:00,27.6,41,14.0,21
2026-06-23 16:00:00+00:00,26.6,44,13.4,10
2026-06-23 17:00:00+00:00,25.6,49,10.1,4
2026-06-23 18:00:00+00:00,24.6,54,8.3,14
2026-06-23 19:00:00+00:00,23.8,58,8.3,9
2026-06-23 20:00:00+00:00,22.7,61,10.5,20
2026-06-23 21:00:00+00:00,22.0,61,10.1,8
2026-06-23 22:00:00+00:00,21.2,58,12.1,4
2026-06-23 23:00:00+00:00,20.2,53,9.3,5
2026-06-24 00:00:00+00:00,18.9,56,9.1,3
2026-06-24 01:00:00+00:00,18.0,56,7.8,3
2026-06-24 02:00:00+00:00,17.3,57,6.6,17
2026-06-24 03:00:00+00:00,18.0,55,6.0,5
2026-06-24 04:00:00+00:00,19.4,50,5.2,1
2026-06-24 05:00:00+00:00,21.6,41,5.5,1
2026-06-24 06:00:00+00:00,23.9,33,6.2,0
2026-06-24 07:00:00+00:00,25.2,30,5.0,0
2026-06-24 08:00:00+00:00,26.2,29,6.2,0
2026-06-24 09:00:00+00:00,27.0,28,8.3,12
2026-06-24 10:00:00+00:00,27.0,29,11.6,27
2026-06-24 11:00:00+00:00,26.8,30,10.2,18
2026-06-24 12:00:00+00:00,27.5,29,9.2,36
2026-06-24 13:00:00+00:00,27.5,29,7.8,31
2026-06-24 14:00:00+00:00,27.3,30,7.5,27
2026-06-24 15:00:00+00:00,27.0,30,7.1,28
2026-06-24 16:00:00+00:00,26.5,32,8.0,14
2026-06-24 17:00:00+00:00,25.9,34,7.3,27
2026-06-24 18:00:00+00:00,25.1,35,4.2,25
2026-06-24 19:00:00+00:00,24.6,43,0.3,64
2026-06-24 20:00:00+00:00,24.1,42,0.4,80
2026-06-24 21:00:00+00:00,23.2,44,0.4,99
2026-06-24 22:00:00+00:00,21.9,46,2.0,83
2026-06-24 23:00:00+00:00,21.1,49,4.8,100
2026-06-25 00:00:00+00:00,20.8,56,5.7,90
2026-06-25 01:00:00+00:00,20.2,58,5.7,84
2026-06-25 02:00:00+00:00,19.2,63,6.4,100
2026-06-25 03:00:00+00:00,19.6,63,5.2,100
2026-06-25 04:00:00+00:00,20.2,61,4.1,100
2026-06-25 05:00:00+00:00,20.0,63,7.1,100
2026-06-25 06:00:00+00:00,21.8,56,7.3,93
2026-06-25 07:00:00+00:00,23.4,48,10.7,94
2026-06-25 08:00:00+00:00,21.5,52,11.6,14
2026-06-25 09:00:00+00:00,23.9,41,11.5,94
2026-06-25 10:00:00+00:00,23.7,44,12.4,41
2026-06-25 11:00:00+00:00,24.5,44,12.2,25
2026-06-25 12:00:00+00:00,24.9,43,13.6,40
2026-06-25 13:00:00+00:00,25.0,40,14.4,15
2026-06-25 14:00:00+00:00,25.3,35,13.7,14
2026-06-25 15:00:00+00:00,24.9,35,14.7,16
2026-06-25 16:00:00+00:00,24.0,38,13.1,23
2026-06-25 17:00:00+00:00,23.1,41,8.4,16
2026-06-25 18:00:00+00:00,22.5,45,5.1,45
2026-06-25 19:00:00+00:00,21.8,49,4.8,41
2026-06-25 20:00:00+00:00,20.8,53,5.2,23
2026-06-25 21:00:00+00:00,19.9,58,2.7,14
2026-06-25 22:00:00+00:00,19.0,63,4.7,3
2026-06-25 23:00:00+00:00,17.9,70,6.4,2
2026-06-26 00:00:00+00:00,16.5,80,9.1,2
2026-06-26 01:00:00+00:00,16.0,85,8.8,2
2026-06-26 02:00:00+00:00,15.5,87,8.9,2
2026-06-26 03:00:00+00:00,16.1,83,8.2,5
2026-06-26 04:00:00+00:00,17.3,76,8.2,96
2026-06-26 05:00:00+00:00,18.9,67,8.6,98
2026-06-26 06:00:00+00:00,20.4,59,10.4,96
2026-06-26 07:00:00+00:00,20.9,56,10.5,79
2026-06-26 08:00:00+00:00,22.0,52,13.1,35
2026-06-26 09:00:00+00:00,22.7,49,14.5,33
2026-06-26 10:00:00+00:00,23.2,47,14.5,22
2026-06-26 11:00:00+00:00,23.3,45,15.7,28
2026-06-26 12:00:00+00:00,23.2,45,17.2,28
2026-06-26 13:00:00+00:00,22.9,45,17.3,26
2026-06-26 14:00:00+00:00,22.7,41,18.3,13
2026-06-26 15:00:00+00:00,22.4,40,18.6,11
2026-06-26 16:00:00+00:00,21.9,40,17.8,8
2026-06-26 17:00:00+00:00,21.2,42,14.2,5
2026-06-26 18:00:00+00:00,20.1,46,11.1,2
2026-06-26 19:00:00+00:00,19.4,48,9.2,2
2026-06-26 20:00:00+00:00,18.3,53,8.5,4
2026-06-26 21:00:00+00:00,17.6,56,8.7,3
2026-06-26 22:00:00+00:00,17.0,57,8.6,5
2026-06-26 23:00:00+00:00,16.4,60,8.1,2
2026-06-27 00:00:00+00:00,15.3,65,7.8,34
2026-06-27 01:00:00+00:00,14.7,69,7.8,80
2026-06-27 02:00:00+00:00,14.4,70,7.8,50
2026-06-27 03:00:00+00:00,15.3,68,7.3,34
2026-06-27 04:00:00+00:00,17.0,62,5.0,51
2026-06-27 05:00:00+00:00,19.5,52,5.5,59
2026-06-27 06:00:00+00:00,21.7,42,6.4,100
2026-06-27 07:00:00+00:00,22.6,40,8.2,99
2026-06-27 08:00:00+00:00,23.0,39,9.7,98
2026-06-27 09:00:00+00:00,23.8,39,10.4,58
2026-06-27 10:00:00+00:00,25.1,37,11.3,23
2026-06-27 11:00:00+00:00,25.5,37,12.4,27
2026-06-27 12:00:00+00:00,25.2,41,11.9,49
2026-06-27 13:00:00+00:00,25.2,41,11.9,74
2026-06-27 14:00:00+00:00,24.0,45,13.8,38
2026-06-27 15:00:00+00:00,23.6,47,14.7,58
2026-06-27 16:00:00+00:00,22.5,57,11.2,12
2026-06-27 17:00:00+00:00,21.6,63,7.1,11
2026-06-27 18:00:00+00:00,21.0,70,6.5,19
2026-06-27 19:00:00+00:00,20.4,74,6.7,31
2026-06-27 20:00:00+00:00,19.9,77,5.7,55
2026-06-27 21:00:00+00:00,19.2,81,4.6,49
2026-06-27 22:00:00+00:00,18.9,84,7.1,84
2026-06-27 23:00:00+00:00,18.9,82,7.8,88
2026-06-28 00:00:00+00:00,18.4,83,10.2,49
2026-06-28 01:00:00+00:00,18.2,82,11.1,94
2026-06-28 02:00:00+00:00,18.1,78,10.4,85
2026-06-28 03:00:00+00:00,18.3,77,10.6,9
2026-06-28 04:00:00+00:00,19.3,72,12.5,5
2026-06-28 05:00:00+00:00,20.4,67,14.4,10
2026-06-28 06:00:00+00:00,21.5,61,15.6,13
2026-06-28 07:00:00+00:00,22.7,53,18.2,33
2026-06-28 08:00:00+00:00,23.9,47,19.3,42
2026-06-28 09:00:00+00:00,24.8,43,18.4,41
2026-06-28 10:00:00+00:00,25.9,37,18.5,60
2026-06-28 11:00:00+00:00,26.0,37,18.9,97
2026-06-28 12:00:00+00:00,26.1,37,19.7,63
2026-06-28 13:00:00+00:00,26.0,40,19.1,61
2026-06-28 14:00:00+00:00,25.8,40,18.0,70
2026-06-28 15:00:00+00:00,25.4,41,18.1,73
2026-06-28 16:00:00+00:00,24.5,45,16.7,88
2026-06-28 17:00:00+00:00,23.7,48,11.7,99
2026-06-28 18:00:00+00:00,22.8,52,8.0,98
2026-06-28 19:00:00+00:00,22.2,55,7.2,99
2026-06-28 20:00:00+00:00,21.2,59,7.5,51
2026-06-28 21:00:00+00:00,20.4,61,6.4,8
2026-06-28 22:00:00+00:00,19.6,65,6.2,2
2026-06-28 23:00:00+00:00,18.7,69,5.1,10
2026-06-29 00:00:00+00:00,17.2,77,6.3,0
2026-06-29 01:00:00+00:00,16.4,82,7.3,4
2026-06-29 02:00:00+00:00,16.0,83,7.5,2
2026-06-29 03:00:00+00:00,16.7,79,6.6,13
2026-06-29 04:00:00+00:00,18.2,71,6.3,4
2026-06-29 05:00:00+00:00,20.2,61,6.7,9
2026-06-29 06:00:00+00:00,22.4,50,8.8,59
2026-06-29 07:00:00+00:00,23.7,44,8.9,63
2026-06-29 08:00:00+00:00,25.2,38,10.8,98
2026-06-29 09:00:00+00:00,26.2,35,12.6,98
2026-06-29 10:00:00+00:00,26.4,37,11.7,100
2026-06-29 11:00:00+00:00,26.6,38,12.4,84
2026-06-29 12:00:00+00:00,27.0,38,10.7,73
2026-06-29 13:00:00+00:00,27.2,39,10.9,2
2026-06-29 14:00:00+00:00,27.1,40,12.1,2
2026-06-29 15:00:00+00:00,26.7,41,11.2,2
2026-06-29 16:00:00+00:00,26.1,42,9.6,7
2026-06-29 17:00:00+00:00,25.4,45,8.3,94
2026-06-29 18:00:00+00:00,24.9,48,5.0,11
2026-06-29 19:00:00+00:00,24.0,53,1.5,56
2026-06-29 20:00:00+00:00,23.2,56,5.2,27
2026-06-29 21:00:00+00:00,22.1,61,6.5,23
2026-06-29 22:00:00+00:00,21.2,65,5.9,22
2026-06-29 23:00:00+00:00,20.4,69,6.9,42
2026-06-30 00:00:00+00:00,19.7,73,6.7,100
2026-06-30 01:00:00+00:00,19.3,77,6.6,100
2026-06-30 02:00:00+00:00,19.0,80,9.1,40
2026-06-30 03:00:00+00:00,19.0,77,9.6,35
2026-06-30 04:00:00+00:00,19.8,72,10.8,26
2026-06-30 05:00:00+00:00,21.4,65,11.1,20
2026-06-30 06:00:00+00:00,23.2,59,9.2,3
2026-06-30 07:00:00+00:00,24.9,54,6.9,13
2026-06-30 08:00:00+00:00,26.6,49,6.8,24
2026-06-30 09:00:00+00:00,28.1,45,8.0,100
2026-06-30 10:00:00+00:00,27.1,48,10.8,100
2026-06-30 11:00:00+00:00,27.4,47,10.3,98
2026-06-30 12:00:00+00:00,28.4,44,10.0,65
2026-06-30 13:00:00+00:00,28.2,45,12.3,79
2026-06-30 14:00:00+00:00,27.6,46,13.2,24
2026-06-30 15:00:00+00:00,27.3,46,12.7,27
2026-06-30 16:00:00+00:00,26.7,47,12.8,12
2026-06-30 17:00:00+00:00,26.0,49,10.9,20
2026-06-30 18:00:00+00:00,25.1,52,7.6,15
2026-06-30 19:00:00+00:00,23.8,58,6.4,2
2026-06-30 20:00:00+00:00,22.7,63,7.6,0
2026-06-30 21:00:00+00:00,21.9,64,9.0,0
2026-06-30 22:00:00+00:00,21.2,64,9.3,0
2026-06-30 23:00:00+00:00,20.6,64,8.5,0
2026-07-01 00:00:00+00:00,19.3,72,7.5,0
2026-07-01 01:00:00+00:00,18.6,76,8.1,0
2026-07-01 02:00:00+00:00,18.2,77,7.6,0
2026-07-01 03:00:00+00:00,18.9,75,5.2,0
2026-07-01 04:00:00+00:00,20.4,70,5.0,0
2026-07-01 05:00:00+00:00,22.5,62,5.2,0
2026-07-01 06:00:00+00:00,25.1,53,5.7,0
2026-07-01 07:00:00+00:00,26.4,47,6.3,0
2026-07-01 08:00:00+00:00,27.5,42,7.5,0
2026-07-01 09:00:00+00:00,28.4,39,7.8,0
2026-07-01 10:00:00+00:00,29.2,36,7.3,0
2026-07-01 11:00:00+00:00,29.8,34,8.0,0
2026-07-01 12:00:00+00:00,30.5,33,8.9,0
2026-07-01 13:00:00+00:00,30.5,32,9.3,52
2026-07-01 14:00:00+00:00,30.2,34,9.5,9
2026-07-01 15:00:00+00:00,29.8,35,8.6,2
2026-07-01 16:00:00+00:00,29.4,36,6.3,2
2026-07-01 17:00:00+00:00,28.7,38,4.4,2
2026-07-01 18:00:00+00:00,27.6,41,5.2,3
2026-07-01 19:00:00+00:00,26.7,45,5.8,1
2026-07-01 20:00:00+00:00,25.6,51,6.0,3
2026-07-01 21:00:00+00:00,24.1,60,6.6,9
2026-07-01 22:00:00+00:00,23.2,64,6.4,7
2026-07-01 23:00:00+00:00,22.6,64,6.8,0
2026-07-02 00:00:00+00:00,21.6,70,5.0,0
2026-07-02 01:00:00+00:00,21.0,70,5.2,0
2026-07-02 02:00:00+00:00,20.5,71,6.1,0
2026-07-02 03:00:00+00:00,21.2,69,6.9,0
2026-07-02 04:00:00+00:00,22.9,62,4.2,0
2026-07-02 05:00:00+00:00,25.5,51,4.8,0
2026-07-02 06:00:00+00:00,28.1,43,6.4,0
2026-07-02 07:00:00+00:00,29.5,37,6.8,0
2026-07-02 08:00:00+00:00,30.4,34,7.2,0
2026-07-02 09:00:00+00:00,31.1,33,7.2,5
2026-07-02 10:00:00+00:00,32.1,30,8.2,39
2026-07-02 11:00:00+00:00,32.6,28,7.4,55
2026-07-02 12:00:00+00:00,33.5,27,8.5,97
2026-07-02 13:00:00+00:00,33.5,27,7.6,100
2026-07-02 14:00:00+00:00,32.8,30,10.6,91
2026-07-02 15:00:00+00:00,31.8,32,13.4,4
2026-07-02 16:00:00+00:00,31.5,31,10.8,0
2026-07-02 17:00:00+00:00,31.0,30,8.9,1
2026-07-02 18:00:00+00:00,30.0,33,3.2,12
2026-07-02 19:00:00+00:00,29.0,37,1.0,23
2026-07-02 20:00:00+00:00,28.0,41,0.5,4
2026-07-02 21:00:00+00:00,27.1,43,1.9,6
2026-07-02 22:00:00+00:00,26.3,47,4.5,2
2026-07-02 23:00:00+00:00,25.4,51,4.2,2
2026-07-03 00:00:00+00:00,23.9,57,2.6,2
2026-07-03 01:00:00+00:00,23.2,62,3.6,2
2026-07-03 02:00:00+00:00,22.5,66,3.7,2
2026-07-03 03:00:00+00:00,23.0,65,4.4,2
2026-07-03 04:00:00+00:00,24.6,59,3.7,7
2026-07-03 05:00:00+00:00,26.8,51,5.1,63
2026-07-03 06:00:00+00:00,29.1,43,5.8,45
2026-07-03 07:00:00+00:00,31.2,34,6.8,23
2026-07-03 08:00:00+00:00,32.1,28,9.5,28
2026-07-03 09:00:00+00:00,32.4,28,8.8,23
2026-07-03 10:00:00+00:00,33.1,26,7.7,12
2026-07-03 11:00:00+00:00,33.8,25,8.1,18
2026-07-03 12:00:00+00:00,33.7,25,12.8,13
2026-07-03 13:00:00+00:00,33.3,26,11.9,22
2026-07-03 14:00:00+00:00,33.0,26,11.0,19
2026-07-03 15:00:00+00:00,32.3,27,11.2,6
2026-07-03 16:00:00+00:00,31.9,27,8.0,5
2026-07-03 17:00:00+00:00,31.3,28,4.7,3
2026-07-03 18:00:00+00:00,30.8,30,0.6,4
2026-07-03 19:00:00+00:00,30.2,29,3.5,5
2026-07-03 20:00:00+00:00,28.9,32,4.0,7
2026-07-03 21:00:00+00:00,27.6,36,4.5,5
2026-07-03 22:00:00+00:00,26.2,41,3.5,9
2026-07-03 23:00:00+00:00,25.4,45,4.0,16
2026-07-04 00:00:00+00:00,24.0,52,2.9,23
2026-07-04 01:00:00+00:00,23.1,55,1.3,10
2026-07-04 02:00:00+00:00,22.8,58,0.8,3
2026-07-04 03:00:00+00:00,23.4,55,1.7,2
2026-07-04 04:00:00+00:00,24.6,51,4.6,30
2026-07-04 05:00:00+00:00,25.1,52,9.6,51
2026-07-04 06:00:00+00:00,24.3,60,13.0,73
2026-07-04 07:00:00+00:00,24.7,59,10.2,48
2026-07-04 08:00:00+00:00,26.6,49,8.6,25
2026-07-04 09:00:00+00:00,26.5,52,11.4,49
2026-07-04 10:00:00+00:00,27.4,50,11.5,11
2026-07-04 11:00:00+00:00,26.8,52,11.0,61
2026-07-04 12:00:00+00:00,24.2,63,15.2,87
2026-07-04 13:00:00+00:00,21.7,75,16.3,83
2026-07-04 14:00:00+00:00,22.1,71,16.8,96
2026-07-04 15:00:00+00:00,22.0,69,16.3,92
2026-07-04 16:00:00+00:00,21.5,67,14.9,98
2026-07-04 17:00:00+00:00,20.3,72,11.3,100
2026-07-04 18:00:00+00:00,19.0,82,12.2,100
2026-07-04 19:00:00+00:00,18.5,85,12.7,100
2026-07-04 20:00:00+00:00,18.2,85,13.8,100
2026-07-04 21:00:00+00:00,18.0,86,12.2,100
2026-07-04 22:00:00+00:00,17.9,85,10.8,100
2026-07-04 23:00:00+00:00,17.8,85,10.9,100
2026-07-05 00:00:00+00:00,16.9,89,10.2,100
2026-07-05 01:00:00+00:00,16.7,88,11.8,96
2026-07-05 02:00:00+00:00,16.3,85,10.8,22
2026-07-05 03:00:00+00:00,16.0,82,11.6,7
2026-07-05 04:00:00+00:00,16.6,75,12.7,3
2026-07-05 05:00:00+00:00,17.7,72,12.4,1
2026-07-05 06:00:00+00:00,19.3,65,12.5,5
2026-07-05 07:00:00+00:00,20.1,59,12.9,39
2026-07-05 08:00:00+00:00,20.6,55,13.5,28
2026-07-05 09:00:00+00:00,21.6,55,13.5,24
2026-07-05 10:00:00+00:00,18.7,66,17.8,87
2026-07-05 11:00:00+00:00,19.9,61,15.3,66
2026-07-05 12:00:00+00:00,17.9,77,15.8,92
2026-07-05 13:00:00+00:00,19.4,68,11.4,98
2026-07-05 14:00:00+00:00,20.3,62,16.4,66
2026-07-05 15:00:00+00:00,19.3,65,16.3,55
2026-07-05 16:00:00+00:00,18.9,68,13.0,63
2026-07-05 17:00:00+00:00,18.0,72,13.8,77
2026-07-05 18:00:00+00:00,17.0,77,10.9,32
2026-07-05 19:00:00+00:00,16.4,81,10.1,16
2026-07-05 20:00:00+00:00,15.9,83,7.9,6
2026-07-05 21:00:00+00:00,15.4,87,8.4,60
2026-07-05 22:00:00+00:00,15.1,88,8.6,1
2026-07-05 23:00:00+00:00,14.7,89,8.7,0
2026-07-06 00:00:00+00:00,13.8,90,7.8,1
2026-07-06 01:00:00+00:00,13.5,90,7.8,1
2026-07-06 02:00:00+00:00,13.3,89,8.0,2
2026-07-06 03:00:00+00:00,14.2,87,8.0,4
2026-07-06 04:00:00+00:00,15.9,80,5.9,2
2026-07-06 05:00:00+00:00,18.1,71,7.0,18
2026-07-06 06:00:00+00:00,20.4,63,8.1,6
2026-07-06 07:00:00+00:00,22.0,49,11.8,5
2026-07-06 08:00:00+00:00,22.5,47,15.2,30
2026-07-06 09:00:00+00:00,22.8,48,16.0,19
2026-07-06 10:00:00+00:00,23.7,44,17.1,48
2026-07-06 11:00:00+00:00,19.1,74,18.3,68
2026-07-06 12:00:00+00:00,21.3,59,13.2,57
2026-07-06 13:00:00+00:00,21.2,63,11.3,13
2026-07-06 14:00:00+00:00,17.6,79,22.1,88
2026-07-06 15:00:00+00:00,18.2,82,5.4,3
2026-07-06 16:00:00+00:00,19.0,77,9.8,27
2026-07-06 17:00:00+00:00,18.5,79,10.0,27
2026-07-06 18:00:00+00:00,17.4,81,7.6,11
2026-07-06 19:00:00+00:00,16.7,85,4.3,10
2026-07-06 20:00:00+00:00,16.1,86,6.9,5
2026-07-06 21:00:00+00:00,15.6,84,8.4,2
2026-07-06 22:00:00+00:00,15.0,83,8.3,1
2026-07-06 23:00:00+00:00,14.6,84,9.0,1
2026-07-07 00:00:00+00:00,13.8,83,8.7,0
2026-07-07 01:00:00+00:00,13.4,81,9.0,0
2026-07-07 02:00:00+00:00,13.1,79,8.7,0
2026-07-07 03:00:00+00:00,13.9,77,8.3,62
2026-07-07 04:00:00+00:00,15.4,74,5.8,80
2026-07-07 05:00:00+00:00,17.3,68,5.2,82
2026-07-07 06:00:00+00:00,19.5,59,6.4,75
2026-07-07 07:00:00+00:00,21.2,50,9.7,15
2026-07-07 08:00:00+00:00,22.3,42,13.6,64
2026-07-07 09:00:00+00:00,23.3,38,15.0,95
2026-07-07 10:00:00+00:00,23.2,37,15.3,84
2026-07-07 11:00:00+00:00,24.0,35,14.9,77
2026-07-07 12:00:00+00:00,24.3,36,14.7,81
2026-07-07 13:00:00+00:00,24.9,35,13.2,8
2026-07-07 14:00:00+00:00,24.8,35,13.4,11
2026-07-07 15:00:00+00:00,24.6,37,11.0,48
2026-07-07 16:00:00+00:00,23.8,45,8.9,26
2026-07-07 17:00:00+00:00,22.1,53,9.2,72
2026-07-07 18:00:00+00:00,20.9,57,8.1,100
2026-07-07 19:00:00+00:00,20.1,59,7.7,90
2026-07-07 20:00:00+00:00,20.1,55,11.4,63
2026-07-07 21:00:00+00:00,19.4,53,11.3,19
2026-07-07 22:00:00+00:00,18.8,51,13.3,57
2026-07-07 23:00:00+00:00,19.1,48,14.5,68
2026-07-08 00:00:00+00:00,18.3,50,13.8,40
2026-07-08 01:00:00+00:00,18.0,52,12.3,73
2026-07-08 02:00:00+00:00,17.6,54,10.7,73
2026-07-08 03:00:00+00:00,17.6,57,9.7,73
2026-07-08 04:00:00+00:00,18.8,57,8.9,95
2026-07-08 05:00:00+00:00,20.3,56,10.3,93
2026-07-08 06:00:00+00:00,22.5,57,11.5,98
2026-07-08 07:00:00+00:00,24.3,58,13.8,87
2026-07-08 08:00:00+00:00,25.8,53,15.9,63
2026-07-08 09:00:00+00:00,26.4,50,15.9,74
2026-07-08 10:00:00+00:00,27.4,48,16.8,90
2026-07-08 11:00:00+00:00,26.9,48,18.2,100
2026-07-08 12:00:00+00:00,20.1,86,12.8,100
2026-07-08 13:00:00+00:00,21.6,76,10.3,100
2026-07-08 14:00:00+00:00,22.5,72,14.1,99
2026-07-08 15:00:00+00:00,22.9,69,11.7,89
2026-07-08 16:00:00+00:00,22.8,68,11.5,100
2026-07-08 17:00:00+00:00,21.8,73,9.5,100
2026-07-08 18:00:00+00:00,20.1,77,11.5,98
2026-07-08 19:00:00+00:00,19.2,78,10.6,99
2026-07-08 20:00:00+00:00,18.8,79,10.7,97
2026-07-08 21:00:00+00:00,18.3,81,9.7,92
2026-07-08 22:00:00+00:00,17.8,83,7.9,98
2026-07-08 23:00:00+00:00,17.3,86,7.7,97
2026-07-09 00:00:00+00:00,16.4,95,8.0,99
2026-07-09 01:00:00+00:00,16.3,95,7.0,100
2026-07-09 02:00:00+00:00,16.3,96,5.8,95
2026-07-09 03:00:00+00:00,16.7,95,6.2,98
2026-07-09 04:00:00+00:00,17.3,94,5.6,100
2026-07-09 05:00:00+00:00,17.9,91,4.0,100
2026-07-09 06:00:00+00:00,18.9,87,5.9,100
2026-07-09 07:00:00+00:00,19.6,82,5.1,100
2026-07-09 08:00:00+00:00,20.1,80,6.3,100
2026-07-09 09:00:00+00:00,21.0,78,6.1,98
2026-07-09 10:00:00+00:00,21.9,75,3.5,96
2026-07-09 11:00:00+00:00,23.1,71,3.5,100
2026-07-09 12:00:00+00:00,19.5,87,5.0,100
2026-07-09 13:00:00+00:00,20.2,82,5.9,85
2026-07-09 14:00:00+00:00,21.4,75,5.5,85
2026-07-09 15:00:00+00:00,21.1,76,7.2,100
2026-07-09 16:00:00+00:00,20.5,79,6.7,93
2026-07-09 17:00:00+00:00,19.9,84,6.7,99
2026-07-09 18:00:00+00:00,19.3,87,7.6,99
2026-07-09 19:00:00+00:00,19.2,88,6.7,100
2026-07-09 20:00:00+00:00,18.8,90,6.8,100
2026-07-09 21:00:00+00:00,18.5,90,7.1,100
2026-07-09 22:00:00+00:00,18.0,92,8.0,100
2026-07-09 23:00:00+00:00,17.8,91,5.8,100
2026-07-10 00:00:00+00:00,17.1,96,9.9,98
2026-07-10 01:00:00+00:00,17.0,96,7.3,100
2026-07-10 02:00:00+00:00,16.7,97,6.0,100
2026-07-10 03:00:00+00:00,17.0,97,6.3,100
2026-07-10 04:00:00+00:00,17.3,96,6.1,99
2026-07-10 05:00:00+00:00,18.6,90,5.0,100
2026-07-10 06:00:00+00:00,19.7,84,3.6,99
2026-07-10 07:00:00+00:00,20.0,83,2.0,100
2026-07-10 08:00:00+00:00,20.4,79,2.9,100
2026-07-10 09:00:00+00:00,19.5,91,4.4,100
2026-07-10 10:00:00+00:00,19.1,90,5.0,100
2026-07-10 11:00:00+00:00,20.3,83,4.4,100
2026-07-10 12:00:00+00:00,18.2,92,6.2,100
2026-07-10 13:00:00+00:00,18.5,92,3.2,99
2026-07-10 14:00:00+00:00,18.8,91,3.2,99
2026-07-10 15:00:00+00:00,19.1,91,3.9,94
2026-07-10 16:00:00+00:00,18.7,92,6.1,98
2026-07-10 17:00:00+00:00,17.6,95,8.9,49
2026-07-10 18:00:00+00:00,16.6,96,7.2,27
2026-07-10 19:00:00+00:00,16.2,97,8.3,23
2026-07-10 20:00:00+00:00,15.6,97,8.7,14
2026-07-10 21:00:00+00:00,15.1,98,7.5,8
2026-07-10 22:00:00+00:00,14.6,98,8.0,11
2026-07-10 23:00:00+00:00,14.1,97,8.3,0
2026-07-11 00:00:00+00:00,13.7,97,6.4,1
2026-07-11 01:00:00+00:00,13.3,98,6.2,2
2026-07-11 02:00:00+00:00,12.9,98,6.3,5
2026-07-11 03:00:00+00:00,13.4,98,6.0,0
2026-07-11 04:00:00+00:00,14.8,92,5.7,63
2026-07-11 05:00:00+00:00,16.2,85,7.0,53
2026-07-11 06:00:00+00:00,17.4,77,10.3,64
2026-07-11 07:00:00+00:00,18.8,67,11.9,38
2026-07-11 08:00:00+00:00,20.1,60,12.9,86
2026-07-11 09:00:00+00:00,20.6,58,13.7,73
2026-07-11 10:00:00+00:00,21.5,61,13.7,38
2026-07-11 11:00:00+00:00,21.7,60,15.3,73
2026-07-11 12:00:00+00:00,20.0,67,12.4,91
2026-07-11 13:00:00+00:00,17.1,87,10.3,13
2026-07-11 14:00:00+00:00,18.4,82,7.2,6
2026-07-11 15:00:00+00:00,18.9,75,10.3,16
2026-07-11 16:00:00+00:00,18.9,75,8.7,8
2026-07-11 17:00:00+00:00,18.3,80,7.0,8
2026-07-11 18:00:00+00:00,17.3,83,5.6,7
2026-07-11 19:00:00+00:00,16.6,85,6.6,9
2026-07-11 20:00:00+00:00,15.9,86,6.7,2
2026-07-11 21:00:00+00:00,15.2,89,6.8,1
2026-07-11 22:00:00+00:00,14.6,91,6.0,5
2026-07-11 23:00:00+00:00,14.2,92,5.1,38
2026-07-12 00:00:00+00:00,13.8,92,4.1,63
2026-07-12 01:00:00+00:00,13.7,92,3.8,85
2026-07-12 02:00:00+00:00,13.6,92,5.6,98
2026-07-12 03:00:00+00:00,14.1,91,5.5,100
2026-07-12 04:00:00+00:00,14.3,93,0.8,99
2026-07-12 05:00:00+00:00,14.9,94,4.1,85
2026-07-12 06:00:00+00:00,15.9,87,2.0,70
2026-07-12 07:00:00+00:00,17.4,80,8.0,57
2026-07-12 08:00:00+00:00,18.8,76,10.7,74
2026-07-12 09:00:00+00:00,20.1,67,11.1,100
2026-07-12 10:00:00+00:00,19.9,64,13.3,100
2026-07-12 11:00:00+00:00,20.9,60,13.5,100
2026-07-12 12:00:00+00:00,21.1,61,14.4,29
2026-07-12 13:00:00+00:00,21.3,56,13.9,9
2026-07-12 14:00:00+00:00,21.4,55,12.8,20
2026-07-12 15:00:00+00:00,20.9,58,13.4,20
2026-07-12 16:00:00+00:00,20.2,65,10.0,2
2026-07-12 17:00:00+00:00,19.0,72,9.2,3
2026-07-12 18:00:00+00:00,18.0,76,7.1,9
2026-07-12 19:00:00+00:00,17.1,82,7.9,7
2026-07-12 20:00:00+00:00,16.5,85,9.7,5
2026-07-12 21:00:00+00:00,16.0,86,10.9,2
2026-07-12 22:00:00+00:00,15.6,86,11.0,5
2026-07-12 23:00:00+00:00,15.3,87,11.7,78
2026-07-13 00:00:00+00:00,15.2,87,12.6,29
2026-07-13 01:00:00+00:00,15.2,88,12.8,25
2026-07-13 02:00:00+00:00,15.1,88,13.2,77
2026-07-13 03:00:00+00:00,15.8,84,14.1,1
2026-07-13 04:00:00+00:00,17.0,81,12.2,0
2026-07-13 05:00:00+00:00,18.4,76,14.8,13
2026-07-13 06:00:00+00:00,20.1,70,17.4,100
2026-07-13 07:00:00+00:00,20.0,67,19.0,57
2026-07-13 08:00:00+00:00,21.3,60,19.5,66
2026-07-13 09:00:00+00:00,21.7,63,20.3,73
2026-07-13 10:00:00+00:00,21.3,67,21.1,70
2026-07-13 11:00:00+00:00,22.0,67,19.1,100
2026-07-13 12:00:00+00:00,21.7,70,16.7,100
2026-07-13 13:00:00+00:00,21.5,69,14.1,86
2026-07-13 14:00:00+00:00,22.3,70,13.0,33
2026-07-13 15:00:00+00:00,22.4,69,12.6,20
2026-07-13 16:00:00+00:00,21.9,75,9.4,23
2026-07-13 17:00:00+00:00,21.0,79,10.2,38
2026-07-13 18:00:00+00:00,19.6,84,8.9,27
2026-07-13 19:00:00+00:00,19.2,87,8.2,9
2026-07-13 20:00:00+00:00,18.5,92,7.4,9
2026-07-13 21:00:00+00:00,18.1,93,7.7,14
2026-07-13 22:00:00+00:00,17.7,95,7.4,2
2026-07-13 23:00:00+00:00,17.1,97,6.7,3
2026-07-14 00:00:00+00:00,17.0,97,8.0,1
2026-07-14 01:00:00+00:00,16.6,97,6.0,0
2026-07-14 02:00:00+00:00,16.1,99,5.2,13
2026-07-14 03:00:00+00:00,16.7,98,6.1,100
2026-07-14 04:00:00+00:00,17.7,95,5.6,100
2026-07-14 05:00:00+00:00,19.2,89,4.8,100
2026-07-14 06:00:00+00:00,20.9,85,4.8,96
2026-07-14 07:00:00+00:00,23.0,74,4.7,9
2026-07-14 08:00:00+00:00,24.4,69,5.2,7
2026-07-14 09:00:00+00:00,25.2,65,6.3,9
2026-07-14 10:00:00+00:00,25.9,61,6.1,15
2026-07-14 11:00:00+00:00,26.2,58,7.0,100
2026-07-14 12:00:00+00:00,26.3,57,6.8,100
2026-07-14 13:00:00+00:00,21.8,81,4.4,89
2026-07-14 14:00:00+00:00,22.8,74,2.3,80
2026-07-14 15:00:00+00:00,23.5,72,2.3,42
2026-07-14 16:00:00+00:00,22.5,76,7.7,82
2026-07-14 17:00:00+00:00,21.3,85,5.8,76
2026-07-14 18:00:00+00:00,20.1,92,5.6,49
2026-07-14 19:00:00+00:00,19.5,95,6.7,21
2026-07-14 20:00:00+00:00,19.1,96,4.9,3
2026-07-14 21:00:00+00:00,18.9,97,6.3,3
2026-07-14 22:00:00+00:00,18.8,96,7.3,3
2026-07-14 23:00:00+00:00,18.4,95,8.9,2
2026-07-15 00:00:00+00:00,18.0,95,7.7,9
2026-07-15 01:00:00+00:00,17.6,95,7.2,7
2026-07-15 02:00:00+00:00,17.2,97,8.7,5
2026-07-15 03:00:00+00:00,17.7,95,7.6,12
2026-07-15 04:00:00+00:00,19.0,89,6.0,11
2026-07-15 05:00:00+00:00,20.6,81,6.0,11
2026-07-15 06:00:00+00:00,22.9,69,7.3,5
2026-07-15 07:00:00+00:00,24.4,55,9.7,8
2026-07-15 08:00:00+00:00,25.2,49,9.2,18
2026-07-15 09:00:00+00:00,25.8,47,9.9,21
2026-07-15 10:00:00+00:00,26.0,46,9.5,34
2026-07-15 11:00:00+00:00,26.2,47,9.4,28
2026-07-15 12:00:00+00:00,26.9,44,10.1,30
2026-07-15 13:00:00+00:00,26.8,45,10.6,13
2026-07-15 14:00:00+00:00,26.9,45,9.9,9
2026-07-15 15:00:00+00:00,26.5,46,9.6,10
2026-07-15 16:00:00+00:00,26.0,48,7.2,7
2026-07-15 17:00:00+00:00,24.7,60,4.5,5
2026-07-15 18:00:00+00:00,23.3,65,6.7,11
2026-07-15 19:00:00+00:00,22.4,69,6.9,31
2026-07-15 20:00:00+00:00,21.7,72,8.8,16
2026-07-15 21:00:00+00:00,20.8,76,8.0,7
2026-07-15 22:00:00+00:00,20.0,80,7.7,2
2026-07-15 23:00:00+00:00,19.3,84,7.8,2
2026-07-16 00:00:00+00:00,18.7,89,8.5,12
2026-07-16 01:00:00+00:00,18.3,91,8.4,13
2026-07-16 02:00:00+00:00,17.9,92,9.1,26
2026-07-16 03:00:00+00:00,18.2,90,7.9,2
2026-07-16 04:00:00+00:00,19.0,83,8.1,2
2026-07-16 05:00:00+00:00,20.1,76,8.9,21
2026-07-16 06:00:00+00:00,21.3,69,11.0,37
2026-07-16 07:00:00+00:00,22.4,62,11.9,13
2026-07-16 08:00:00+00:00,23.6,55,14.0,56
2026-07-16 09:00:00+00:00,23.9,49,15.5,23
2026-07-16 10:00:00+00:00,24.5,43,15.2,22
2026-07-16 11:00:00+00:00,24.7,42,17.7,100
2026-07-16 12:00:00+00:00,25.3,41,16.8,66
2026-07-16 13:00:00+00:00,25.2,40,16.8,56
2026-07-16 14:00:00+00:00,25.0,40,17.5,56
2026-07-16 15:00:00+00:00,24.4,44,18.4,88
2026-07-16 16:00:00+00:00,23.5,50,15.7,2
2026-07-16 17:00:00+00:00,22.5,56,12.6,14
2026-07-16 18:00:00+00:00,21.3,62,13.5,18
2026-07-16 19:00:00+00:00,20.3,67,11.4,8
2026-07-16 20:00:00+00:00,19.5,72,11.5,15
2026-07-16 21:00:00+00:00,19.0,75,11.7,9
2026-07-16 22:00:00+00:00,18.2,77,12.3,5
2026-07-16 23:00:00+00:00,17.4,81,10.6,2
2026-07-17 00:00:00+00:00,16.2,87,10.1,2
2026-07-17 01:00:00+00:00,15.8,89,10.6,1
2026-07-17 02:00:00+00:00,15.4,88,11.6,1
2026-07-17 03:00:00+00:00,15.4,79,11.6,0
2026-07-17 04:00:00+00:00,15.8,70,11.4,3
2026-07-17 05:00:00+00:00,16.8,61,10.5,0
2026-07-17 06:00:00+00:00,18.1,53,11.1,0
2026-07-17 07:00:00+00:00,18.9,47,12.5,0
2026-07-17 08:00:00+00:00,19.7,44,13.0,0
2026-07-17 09:00:00+00:00,20.4,42,13.7,0
2026-07-17 10:00:00+00:00,20.9,40,13.8,0
2026-07-17 11:00:00+00:00,21.4,38,14.9,3
2026-07-17 12:00:00+00:00,22.1,37,14.4,11
2026-07-17 13:00:00+00:00,22.3,37,13.7,20
2026-07-17 14:00:00+00:00,22.1,38,14.8,7
2026-07-17 15:00:00+00:00,21.5,39,14.4,2
2026-07-17 16:00:00+00:00,20.7,41,13.6,13
2026-07-17 17:00:00+00:00,19.9,43,11.8,6
2026-07-17 18:00:00+00:00,18.7,48,10.9,23
2026-07-17 19:00:00+00:00,17.9,51,9.5,1
2026-07-17 20:00:00+00:00,17.1,54,5.8,1
2026-07-17 21:00:00+00:00,16.4,56,5.2,0
2026-07-17 22:00:00+00:00,15.8,59,5.5,0
2026-07-17 23:00:00+00:00,14.9,64,6.5,0
2026-07-18 00:00:00+00:00,13.3,73,7.9,0
2026-07-18 01:00:00+00:00,12.7,77,7.8,0
2026-07-18 02:00:00+00:00,12.4,79,7.8,0
2026-07-18 03:00:00+00:00,13.0,76,7.9,0
2026-07-18 04:00:00+00:00,14.6,69,5.8,0
2026-07-18 05:00:00+00:00,17.1,58,6.1,0
2026-07-18 06:00:00+00:00,19.8,46,7.6,0
2026-07-18 07:00:00+00:00,21.1,38,8.9,0
2026-07-18 08:00:00+00:00,22.2,35,8.9,0
2026-07-18 09:00:00+00:00,23.1,32,8.8,0
2026-07-18 10:00:00+00:00,23.8,31,8.3,0
2026-07-18 11:00:00+00:00,24.2,31,7.5,3
2026-07-18 12:00:00+00:00,25.0,30,6.5,5
2026-07-18 13:00:00+00:00,26.3,27,8.5,63
2026-07-18 14:00:00+00:00,25.8,29,10.8,70
2026-07-18 15:00:00+00:00,24.8,32,12.6,1
2026-07-18 16:00:00+00:00,23.9,35,12.3,3
2026-07-18 17:00:00+00:00,23.3,37,9.6,2
2026-07-18 18:00:00+00:00,22.5,40,5.3,1
2026-07-18 19:00:00+00:00,21.5,43,2.8,0
2026-07-18 20:00:00+00:00,21.0,45,1.1,0
2026-07-18 21:00:00+00:00,20.0,48,1.9,0
2026-07-18 22:00:00+00:00,19.2,51,3.2,0
2026-07-18 23:00:00+00:00,18.6,54,1.8,0
2026-07-19 00:00:00+00:00,16.7,69,1.5,0
2026-07-19 01:00:00+00:00,16.3,72,1.6,0
2026-07-19 02:00:00+00:00,15.9,75,2.1,0
2026-07-19 03:00:00+00:00,16.8,70,2.9,0
2026-07-19 04:00:00+00:00,18.0,64,1.5,0
2026-07-19 05:00:00+00:00,20.1,55,1.8,0
2026-07-19 06:00:00+00:00,22.6,43,1.8,0
2026-07-19 07:00:00+00:00,24.4,37,0.3,0
2026-07-19 08:00:00+00:00,25.4,34,1.3,0
2026-07-19 09:00:00+00:00,26.2,32,3.2,0
2026-07-19 10:00:00+00:00,27.1,31,4.5,13
2026-07-19 11:00:00+00:00,27.7,30,4.3,99
2026-07-19 12:00:00+00:00,28.5,29,8.3,23
2026-07-19 13:00:00+00:00,28.2,30,7.9,11
2026-07-19 14:00:00+00:00,28.4,29,4.0,4
2026-07-19 15:00:00+00:00,28.2,29,2.2,2
2026-07-19 16:00:00+00:00,27.0,35,7.9,4
2026-07-19 17:00:00+00:00,25.4,40,10.0,3
2026-07-19 18:00:00+00:00,24.5,41,6.5,0
2026-07-19 19:00:00+00:00,24.1,44,2.3,0
2026-07-19 20:00:00+00:00,23.2,46,2.8,0
2026-07-19 21:00:00+00:00,22.2,51,6.6,4
2026-07-19 22:00:00+00:00,21.7,52,7.8,0
2026-07-19 23:00:00+00:00,20.8,53,7.1,2
2026-07-20 00:00:00+00:00,19.3,60,6.8,66
2026-07-20 01:00:00+00:00,17.9,71,7.2,48
2026-07-20 02:00:00+00:00,16.8,78,7.5,23
2026-07-20 03:00:00+00:00,17.2,77,7.0,1
2026-07-20 04:00:00+00:00,18.8,71,5.3,14
2026-07-20 05:00:00+00:00,21.4,61,4.9,39
2026-07-20 06:00:00+00:00,24.5,49,6.7,43
2026-07-20 07:00:00+00:00,26.4,42,8.3,79
2026-07-20 08:00:00+00:00,27.7,37,8.5,15
2026-07-20 09:00:00+00:00,28.7,33,8.6,27
2026-07-20 10:00:00+00:00,29.4,30,9.3,37
2026-07-20 11:00:00+00:00,29.8,27,9.9,100
2026-07-20 12:00:00+00:00,30.7,25,8.9,99
2026-07-20 13:00:00+00:00,30.6,25,8.0,27
2026-07-20 14:00:00+00:00,30.4,26,7.5,3
2026-07-20 15:00:00+00:00,29.9,29,7.4,54
2026-07-20 16:00:00+00:00,29.2,33,5.3,2
2026-07-20 17:00:00+00:00,28.3,37,3.7,2
2026-07-20 18:00:00+00:00,27.3,42,6.3,20
2026-07-20 19:00:00+00:00,25.8,49,7.1,33
2026-07-20 20:00:00+00:00,24.6,57,7.4,67
2026-07-20 21:00:00+00:00,23.8,63,7.4,30
2026-07-20 22:00:00+00:00,23.3,67,5.8,23
2026-07-20 23:00:00+00:00,22.6,70,4.2,100
2026-07-21 00:00:00+00:00,21.4,76,1.7,67
2026-07-21 01:00:00+00:00,19.6,93,7.8,67
2026-07-21 02:00:00+00:00,18.9,97,6.9,100
2026-07-21 03:00:00+00:00,19.2,98,8.8,91
2026-07-21 04:00:00+00:00,20.0,96,4.1,56
2026-07-21 05:00:00+00:00,21.4,87,4.5,59
2026-07-21 06:00:00+00:00,22.2,84,5.0,47
2026-07-21 07:00:00+00:00,24.3,75,5.5,65
2026-07-21 08:00:00+00:00,24.7,74,5.8,95
2026-07-21 09:00:00+00:00,25.7,68,7.6,100
2026-07-21 10:00:00+00:00,21.7,86,13.3,100
2026-07-21 11:00:00+00:00,21.3,92,4.5,98
2026-07-21 12:00:00+00:00,21.2,89,11.7,100
2026-07-21 13:00:00+00:00,21.4,90,2.0,98
2026-07-21 14:00:00+00:00,21.8,88,7.2,100
2026-07-21 15:00:00+00:00,20.0,95,11.1,100
2026-07-21 16:00:00+00:00,19.8,96,6.6,96
2026-07-21 17:00:00+00:00,19.7,97,8.3,100
2026-07-21 18:00:00+00:00,19.0,96,9.4,100
2026-07-21 19:00:00+00:00,18.7,96,11.0,100
2026-07-21 20:00:00+00:00,18.5,95,11.0,100
2026-07-21 21:00:00+00:00,18.2,96,8.9,100
2026-07-21 22:00:00+00:00,17.9,96,8.9,100
2026-07-21 23:00:00+00:00,17.5,96,7.7,41
2026-07-22 00:00:00+00:00,15.9,96,6.5,0
2026-07-22 01:00:00+00:00,15.5,96,4.4,0
2026-07-22 02:00:00+00:00,15.0,96,4.2,0
2026-07-22 03:00:00+00:00,15.2,96,5.4,0
2026-07-22 04:00:00+00:00,16.5,92,4.2,0
2026-07-22 05:00:00+00:00,18.4,83,4.5,1
2026-07-22 06:00:00+00:00,20.4,74,6.9,90
2026-07-22 07:00:00+00:00,21.7,66,8.4,77
2026-07-22 08:00:00+00:00,22.8,59,8.6,6
2026-07-22 09:00:00+00:00,23.6,53,9.4,11
2026-07-22 10:00:00+00:00,24.1,52,10.6,37
2026-07-22 11:00:00+00:00,23.9,53,11.6,28
2026-07-22 12:00:00+00:00,24.3,51,12.4,6
2026-07-22 13:00:00+00:00,24.2,52,13.1,20
2026-07-22 14:00:00+00:00,24.0,54,11.2,34
2026-07-22 15:00:00+00:00,23.5,52,10.5,59
2026-07-22 16:00:00+00:00,22.8,59,6.4,85
2026-07-22 17:00:00+00:00,21.4,66,5.9,100
2026-07-22 18:00:00+00:00,20.3,69,5.6,91
2026-07-22 19:00:00+00:00,19.4,71,6.9,93
2026-07-22 20:00:00+00:00,18.5,74,7.9,92
2026-07-22 21:00:00+00:00,17.9,74,8.7,56
2026-07-22 22:00:00+00:00,17.1,76,7.9,100
2026-07-22 23:00:00+00:00,16.7,78,7.7,99
2026-07-23 00:00:00+00:00,16.0,80,7.1,100
2026-07-23 01:00:00+00:00,15.3,83,5.4,100
2026-07-23 02:00:00+00:00,15.1,84,4.6,100
2026-07-23 03:00:00+00:00,15.2,84,6.2,100
2026-07-23 04:00:00+00:00,15.8,83,5.1,100
2026-07-23 05:00:00+00:00,17.3,76,4.5,100
2026-07-23 06:00:00+00:00,19.2,68,4.2,28
2026-07-23 07:00:00+00:00,20.6,60,3.4,43
2026-07-23 08:00:00+00:00,21.6,52,3.5,73
2026-07-23 09:00:00+00:00,22.3,49,4.0,66
2026-07-23 10:00:00+00:00,22.9,48,4.4,22
2026-07-23 11:00:00+00:00,23.3,47,4.2,26
2026-07-23 12:00:00+00:00,23.9,46,3.1,98
2026-07-23 13:00:00+00:00,24.0,46,2.7,95
2026-07-23 14:00:00+00:00,23.9,45,3.2,100
2026-07-23 15:00:00+00:00,23.7,45,4.2,84
2026-07-23 16:00:00+00:00,22.8,53,4.0,48
2026-07-23 17:00:00+00:00,20.9,65,4.8,84
2026-07-23 18:00:00+00:00,19.8,71,4.3,98
2026-07-23 19:00:00+00:00,19.2,73,5.5,100
2026-07-23 20:00:00+00:00,18.4,75,7.4,100
2026-07-23 21:00:00+00:00,18.0,74,8.0,100
2026-07-23 22:00:00+00:00,17.9,72,8.3,100
2026-07-23 23:00:00+00:00,17.4,73,8.1,99
2026-07-24 00:00:00+00:00,16.8,75,8.7,98
2026-07-24 01:00:00+00:00,16.3,77,7.6,98
2026-07-24 02:00:00+00:00,16.0,81,7.1,93
2026-07-24 03:00:00+00:00,16.4,81,7.4,66
2026-07-24 04:00:00+00:00,17.4,78,7.7,54
2026-07-24 05:00:00+00:00,18.9,73,7.5,36
2026-07-24 06:00:00+00:00,20.6,69,7.9,27
2026-07-24 07:00:00+00:00,21.7,65,8.2,37
2026-07-24 08:00:00+00:00,23.0,62,9.1,42
2026-07-24 09:00:00+00:00,23.9,57,9.6,100
2026-07-24 10:00:00+00:00,24.0,54,8.4,100
2026-07-24 11:00:00+00:00,21.0,75,9.2,90
2026-07-24 12:00:00+00:00,19.3,86,6.7,96
2026-07-24 13:00:00+00:00,20.4,82,5.4,96
2026-07-24 14:00:00+00:00,21.1,79,7.6,98
2026-07-24 15:00:00+00:00,18.1,90,10.0,99
2026-07-24 16:00:00+00:00,17.6,92,4.8,99
2026-07-24 17:00:00+00:00,17.5,96,5.0,100
2026-07-24 18:00:00+00:00,17.6,96,7.1,100
2026-07-24 19:00:00+00:00,17.2,95,7.7,100
2026-07-24 20:00:00+00:00,17.0,96,8.4,100
2026-07-24 21:00:00+00:00,16.9,96,7.9,50
2026-07-24 22:00:00+00:00,16.6,97,7.8,6
2026-07-24 23:00:00+00:00,16.1,97,8.1,9
2026-07-25 00:00:00+00:00,16.9,94,7.7,88
2026-07-25 01:00:00+00:00,16.7,94,7.5,77
2026-07-25 02:00:00+00:00,16.4,94,8.4,74
2026-07-25 03:00:00+00:00,16.7,94,8.2,88
2026-07-25 04:00:00+00:00,17.9,90,5.3,81
2026-07-25 05:00:00+00:00,19.3,83,5.8,58
2026-07-25 06:00:00+00:00,21.2,72,7.2,97
2026-07-25 07:00:00+00:00,22.2,60,9.0,99
2026-07-25 08:00:00+00:00,22.6,56,9.6,100
2026-07-25 09:00:00+00:00,23.3,55,10.0,100
2026-07-25 10:00:00+00:00,24.0,55,9.9,100
2026-07-25 11:00:00+00:00,24.4,54,10.7,100
2026-07-25 12:00:00+00:00,24.9,52,10.8,100
2026-07-25 13:00:00+00:00,24.5,51,11.7,100
2026-07-25 14:00:00+00:00,24.5,50,11.5,100
2026-07-25 15:00:00+00:00,23.7,54,9.7,100
2026-07-25 16:00:00+00:00,23.0,59,8.6,100
2026-07-25 17:00:00+00:00,21.7,65,8.9,99
2026-07-25 18:00:00+00:00,20.9,69,10.3,100
2026-07-25 19:00:00+00:00,20.4,71,9.0,97
2026-07-25 20:00:00+00:00,19.7,75,7.4,48
2026-07-25 21:00:00+00:00,19.0,78,8.0,62
2026-07-25 22:00:00+00:00,18.5,80,7.9,39
2026-07-25 23:00:00+00:00,18.0,82,7.9,59
2026-07-26 00:00:00+00:00,17.3,87,8.3,93
2026-07-26 01:00:00+00:00,16.8,89,8.8,94
2026-07-26 02:00:00+00:00,16.7,90,8.3,100
2026-07-26 03:00:00+00:00,17.1,89,9.5,92
2026-07-26 04:00:00+00:00,17.8,88,9.0,98
2026-07-26 05:00:00+00:00,18.9,83,8.4,92
2026-07-26 06:00:00+00:00,19.8,80,10.2,92
2026-07-26 07:00:00+00:00,21.3,69,14.0,65
2026-07-26 08:00:00+00:00,22.2,61,16.9,38
2026-07-26 09:00:00+00:00,22.6,54,16.1,27
2026-07-26 10:00:00+00:00,22.8,54,14.6,19
2026-07-26 11:00:00+00:00,22.8,55,12.6,10
2026-07-26 12:00:00+00:00,23.5,56,13.9,26
2026-07-26 13:00:00+00:00,23.8,55,13.2,18
2026-07-26 14:00:00+00:00,24.2,52,12.1,28
2026-07-26 15:00:00+00:00,23.9,52,11.2,38
2026-07-26 16:00:00+00:00,23.1,59,6.6,66
2026-07-26 17:00:00+00:00,21.5,68,7.2,59
2026-07-26 18:00:00+00:00,20.1,73,7.2,45
2026-07-26 19:00:00+00:00,19.2,78,5.7,84
2026-07-26 20:00:00+00:00,18.4,82,3.9,65
2026-07-26 21:00:00+00:00,17.7,86,2.6,63
2026-07-26 22:00:00+00:00,17.2,87,0.9,62
2026-07-26 23:00:00+00:00,16.5,90,2.6,3
2026-07-27 00:00:00+00:00,16.0,90,6.2,59
2026-07-27 01:00:00+00:00,15.7,89,6.0,29
2026-07-27 02:00:00+00:00,15.5,89,5.4,1
2026-07-27 03:00:00+00:00,16.1,87,5.7,35
2026-07-27 04:00:00+00:00,17.7,83,5.1,35
2026-07-27 05:00:00+00:00,19.9,77,4.6,1
2026-07-27 06:00:00+00:00,22.4,67,5.8,0
2026-07-27 07:00:00+00:00,24.1,56,7.2,14
2026-07-27 08:00:00+00:00,25.0,47,8.9,13
2026-07-27 09:00:00+00:00,25.7,44,9.6,7
2026-07-27 10:00:00+00:00,26.2,42,10.4,9
2026-07-27 11:00:00+00:00,26.5,42,10.0,5
2026-07-27 12:00:00+00:00,27.2,40,10.4,12
2026-07-27 13:00:00+00:00,27.1,40,12.1,26
2026-07-27 14:00:00+00:00,26.7,42,10.9,7
2026-07-27 15:00:00+00:00,26.5,43,10.0,5
2026-07-27 16:00:00+00:00,25.4,51,6.9,10
2026-07-27 17:00:00+00:00,23.7,60,6.4,41
2026-07-27 18:00:00+00:00,22.5,62,9.2,96
2026-07-27 19:00:00+00:00,21.8,61,9.0,99
2026-07-27 20:00:00+00:00,21.4,61,8.6,99
2026-07-27 21:00:00+00:00,20.7,64,7.6,90
2026-07-27 22:00:00+00:00,20.2,66,8.3,63
2026-07-27 23:00:00+00:00,19.7,68,7.6,89
2026-07-28 00:00:00+00:00,18.7,73,6.2,99
2026-07-28 01:00:00+00:00,18.3,74,6.8,91
2026-07-28 02:00:00+00:00,17.9,75,6.1,100
2026-07-28 03:00:00+00:00,18.3,74,7.9,65
2026-07-28 04:00:00+00:00,19.5,72,7.9,22
2026-07-28 05:00:00+00:00,21.4,65,9.0,9
2026-07-28 06:00:00+00:00,23.3,56,11.3,21
2026-07-28 07:00:00+00:00,24.7,51,14.5,84
2026-07-28 08:00:00+00:00,25.2,48,19.6,88
2026-07-28 09:00:00+00:00,24.7,53,19.8,88
2026-07-28 10:00:00+00:00,20.7,80,21.7,100
2026-07-28 11:00:00+00:00,20.8,86,12.4,94
2026-07-28 12:00:00+00:00,20.8,85,11.8,82
2026-07-28 13:00:00+00:00,20.3,84,12.7,76
2026-07-28 14:00:00+00:00,19.6,89,8.8,9
2026-07-28 15:00:00+00:00,18.4,90,15.5,57
2026-07-28 16:00:00+00:00,18.3,92,6.4,26
2026-07-28 17:00:00+00:00,18.3,90,10.8,10
2026-07-28 18:00:00+00:00,17.4,89,11.2,29
2026-07-28 19:00:00+00:00,17.0,88,10.4,30
2026-07-28 20:00:00+00:00,16.6,87,11.3,80
2026-07-28 21:00:00+00:00,16.5,85,11.1,70
2026-07-28 22:00:00+00:00,16.0,86,9.8,11
2026-07-28 23:00:00+00:00,15.2,88,10.3,3
2026-07-29 00:00:00+00:00,14.8,84,11.0,5
2026-07-29 01:00:00+00:00,14.2,85,11.4,11
2026-07-29 02:00:00+00:00,13.7,86,11.6,13
2026-07-29 03:00:00+00:00,13.8,86,12.5,50
2026-07-29 04:00:00+00:00,14.6,82,11.8,1
2026-07-29 05:00:00+00:00,15.9,76,14.1,10
2026-07-29 06:00:00+00:00,16.2,73,15.0,19
2026-07-29 07:00:00+00:00,17.7,70,16.1,38
2026-07-29 08:00:00+00:00,18.5,67,15.8,55
2026-07-29 09:00:00+00:00,19.4,62,18.6,100
2026-07-29 10:00:00+00:00,19.0,59,19.0,84
2026-07-29 11:00:00+00:00,19.7,56,21.3,100
2026-07-29 12:00:00+00:00,18.7,65,21.9,47
2026-07-29 13:00:00+00:00,18.7,66,18.0,32
2026-07-29 14:00:00+00:00,17.7,74,20.4,97
2026-07-29 15:00:00+00:00,16.9,81,11.9,11
2026-07-29 16:00:00+00:00,17.5,79,10.6,87
2026-07-29 17:00:00+00:00,16.2,83,14.1,2
2026-07-29 18:00:00+00:00,16.0,84,12.5,5
2026-07-29 19:00:00+00:00,15.8,82,13.3,4
2026-07-29 20:00:00+00:00,15.5,79,14.0,7
2026-07-29 21:00:00+00:00,15.1,79,13.6,1
2026-07-29 22:00:00+00:00,14.8,80,13.4,2
2026-07-29 23:00:00+00:00,14.5,80,12.6,4
2026-07-30 00:00:00+00:00,13.8,84,13.7,2
2026-07-30 01:00:00+00:00,13.5,82,13.9,0
2026-07-30 02:00:00+00:00,13.2,80,14.2,9
2026-07-30 03:00:00+00:00,13.4,79,15.1,5
2026-07-30 04:00:00+00:00,14.5,77,12.0,70
2026-07-30 05:00:00+00:00,15.9,73,14.7,11
2026-07-30 06:00:00+00:00,17.9,67,17.5,3
2026-07-30 07:00:00+00:00,19.5,63,18.6,9
2026-07-30 08:00:00+00:00,20.8,57,23.2,41
2026-07-30 09:00:00+00:00,21.8,51,23.1,88
2026-07-30 10:00:00+00:00,21.8,51,20.9,88
2026-07-30 11:00:00+00:00,21.4,52,21.4,35
2026-07-30 12:00:00+00:00,21.1,55,21.0,100
2026-07-30 13:00:00+00:00,20.4,60,15.7,100
2026-07-30 14:00:00+00:00,20.4,63,13.5,100
2026-07-30 15:00:00+00:00,20.5,65,13.2,98
2026-07-30 16:00:00+00:00,20.2,66,15.3,30
2026-07-30 17:00:00+00:00,18.9,73,12.1,13
2026-07-30 18:00:00+00:00,18.0,77,12.0,20
2026-07-30 19:00:00+00:00,17.6,81,10.7,21
2026-07-30 20:00:00+00:00,17.0,84,9.7,4
2026-07-30 21:00:00+00:00,16.6,87,9.3,3
2026-07-30 22:00:00+00:00,16.2,88,9.4,1
2026-07-30 23:00:00+00:00,16.0,88,9.9,2
2026-07-31 00:00:00+00:00,15.5,87,11.4,3
2026-07-31 01:00:00+00:00,15.5,87,11.7,2
2026-07-31 02:00:00+00:00,15.3,86,11.4,0
2026-07-31 03:00:00+00:00,15.6,84,11.3,2
2026-07-31 04:00:00+00:00,16.7,81,9.0,2
2026-07-31 05:00:00+00:00,18.2,75,9.6,0
2026-07-31 06:00:00+00:00,20.4,69,10.2,0
2026-07-31 07:00:00+00:00,22.0,63,11.0,0
2026-07-31 08:00:00+00:00,23.1,56,13.0,0
2026-07-31 09:00:00+00:00,23.9,53,13.3,1
2026-07-31 10:00:00+00:00,24.5,51,13.3,4
2026-07-31 11:00:00+00:00,24.9,50,12.9,2
2026-07-31 12:00:00+00:00,25.3,49,13.0,5
2026-07-31 13:00:00+00:00,25.3,49,12.8,2
2026-07-31 14:00:00+00:00,25.0,50,12.4,0
2026-07-31 15:00:00+00:00,24.6,51,10.1,1
2026-07-31 16:00:00+00:00,23.5,60,7.9,1
2026-07-31 17:00:00+00:00,21.7,67,8.8,3
2026-07-31 18:00:00+00:00,20.4,69,10.1,15
2026-07-31 19:00:00+00:00,19.5,72,8.8,9
2026-07-31 20:00:00+00:00,18.7,75,8.5,0
2026-07-31 21:00:00+00:00,18.0,78,7.3,0
2026-07-31 22:00:00+00:00,17.3,81,6.3,0
2026-07-31 23:00:00+00:00,16.6,84,6.0,0
2026-08-01 00:00:00+00:00,15.9,85,7.4,0
2026-08-01 01:00:00+00:00,15.4,87,6.8,0
2026-08-01 02:00:00+00:00,15.0,88,6.9,0
2026-08-01 03:00:00+00:00,15.3,87,7.6,0
2026-08-01 04:00:00+00:00,16.6,84,6.1,0
2026-08-01 05:00:00+00:00,18.6,78,3.7,0
2026-08-01 06:00:00+00:00,21.3,69,3.6,0
2026-08-01 07:00:00+00:00,23.4,61,4.0,0
2026-08-01 08:00:00+00:00,24.6,48,7.1,0
2026-08-01 09:00:00+00:00,25.2,47,8.2,9
2026-08-01 10:00:00+00:00,26.0,44,9.1,20
2026-08-01 11:00:00+00:00,26.5,41,8.3,50
2026-08-01 12:00:00+00:00,27.0,41,7.7,5
2026-08-01 13:00:00+00:00,27.1,41,7.6,8
2026-08-01 14:00:00+00:00,26.9,42,7.5,5
2026-08-01 15:00:00+00:00,26.4,44,7.3,0
2026-08-01 16:00:00+00:00,25.3,52,5.4,0
2026-08-01 17:00:00+00:00,23.4,63,4.5,0
2026-08-01 18:00:00+00:00,21.9,68,4.6,0
2026-08-01 19:00:00+00:00,21.0,73,6.2,0
2026-08-01 20:00:00+00:00,20.3,76,6.9,0
2026-08-01 21:00:00+00:00,19.6,78,6.7,0
2026-08-01 22:00:00+00:00,19.3,77,7.1,0
2026-08-01 23:00:00+00:00,19.0,76,7.0,0
2026-08-02 00:00:00+00:00,17.9,79,7.7,0
2026-08-02 01:00:00+00:00,17.1,84,6.4,0
2026-08-02 02:00:00+00:00,16.6,86,5.4,0
2026-08-02 03:00:00+00:00,17.2,84,5.7,0
2026-08-02 04:00:00+00:00,18.7,80,4.8,0
2026-08-02 05:00:00+00:00,20.7,74,2.4,0
2026-08-02 06:00:00+00:00,23.3,66,2.3,0
2026-08-02 07:00:00+00:00,25.4,57,2.0,0
2026-08-02 08:00:00+00:00,26.8,45,1.1,0
2026-08-02 09:00:00+00:00,27.6,43,1.0,0
2026-08-02 10:00:00+00:00,28.2,42,1.3,0
2026-08-02 11:00:00+00:00,28.7,41,1.6,0
2026-08-02 12:00:00+00:00,29.5,39,1.8,0
2026-08-02 13:00:00+00:00,29.8,40,2.4,4
2026-08-02 14:00:00+00:00,29.6,41,2.9,4
2026-08-02 15:00:00+00:00,29.1,42,3.4,2
2026-08-02 16:00:00+00:00,28.2,48,2.4,4
2026-08-02 17:00:00+00:00,26.4,61,0.3,0
2026-08-02 18:00:00+00:00,24.7,60,4.6,0
2026-08-02 19:00:00+00:00,24.2,58,4.9,0
2026-08-02 20:00:00+00:00,23.4,62,4.6,0
2026-08-02 21:00:00+00:00,22.1,67,4.5,0
2026-08-02 22:00:00+00:00,21.2,72,4.5,0
2026-08-02 23:00:00+00:00,20.6,74,3.8,0
2026-08-03 00:00:00+00:00,19.0,82,3.8,0
2026-08-03 01:00:00+00:00,18.7,83,2.6,0
2026-08-03 02:00:00+00:00,18.2,85,1.9,0
2026-08-03 03:00:00+00:00,18.6,84,2.8,0
2026-08-03 04:00:00+00:00,20.3,78,3.2,0
2026-08-03 05:00:00+00:00,22.8,71,1.5,0
2026-08-03 06:00:00+00:00,25.3,60,2.2,0
2026-08-03 07:00:00+00:00,27.2,51,2.9,0
2026-08-03 08:00:00+00:00,28.2,46,4.1,0
2026-08-03 09:00:00+00:00,29.1,43,4.5,0
2026-08-03 10:00:00+00:00,29.8,40,4.6,0
2026-08-03 11:00:00+00:00,30.3,38,5.2,0
2026-08-03 12:00:00+00:00,31.4,32,6.3,0
2026-08-03 13:00:00+00:00,31.5,30,6.9,0
2026-08-03 14:00:00+00:00,31.3,30,7.1,0
2026-08-03 15:00:00+00:00,30.8,31,6.7,0
2026-08-03 16:00:00+00:00,30.0,36,5.1,0
2026-08-03 17:00:00+00:00,28.2,48,2.4,0
2026-08-03 18:00:00+00:00,26.6,56,3.6,0
2026-08-03 19:00:00+00:00,25.8,54,4.1,0
2026-08-03 20:00:00+00:00,25.1,55,5.6,0
2026-08-03 21:00:00+00:00,24.3,59,6.8,0
2026-08-03 22:00:00+00:00,23.1,65,6.4,0
2026-08-03 23:00:00+00:00,22.0,72,4.0,0
2026-08-04 00:00:00+00:00,21.0,77,3.9,0
2026-08-04 01:00:00+00:00,20.6,79,4.6,0
2026-08-04 02:00:00+00:00,20.1,82,4.6,0
2026-08-04 03:00:00+00:00,20.6,80,6.1,0
2026-08-04 04:00:00+00:00,22.2,73,5.4,0
2026-08-04 05:00:00+00:00,24.7,64,4.1,0
2026-08-04 06:00:00+00:00,27.6,55,5.6,0
2026-08-04 07:00:00+00:00,29.5,46,6.4,13
2026-08-04 08:00:00+00:00,30.8,36,5.7,12
2026-08-04 09:00:00+00:00,31.4,33,6.4,15
2026-08-04 10:00:00+00:00,31.9,32,6.7,6
2026-08-04 11:00:00+00:00,32.1,32,6.5,4
2026-08-04 12:00:00+00:00,32.8,31,4.9,10
2026-08-04 13:00:00+00:00,32.7,31,3.9,7
2026-08-04 14:00:00+00:00,32.4,31,4.2,9
2026-08-04 15:00:00+00:00,32.1,32,5.5,13
2026-08-04 16:00:00+00:00,31.1,34,6.0,2
2026-08-04 17:00:00+00:00,29.5,40,4.3,2
2026-08-04 18:00:00+00:00,28.3,45,3.9,2
2026-08-04 19:00:00+00:00,27.4,49,2.7,2
2026-08-04 20:00:00+00:00,26.7,53,4.4,1
2026-08-04 21:00:00+00:00,25.7,59,4.0,1
2026-08-04 22:00:00+00:00,25.0,63,4.6,1
2026-08-04 23:00:00+00:00,24.1,67,4.4,1
2026-08-05 00:00:00+00:00,22.8,72,3.1,2
2026-08-05 01:00:00+00:00,22.3,74,4.1,6
2026-08-05 02:00:00+00:00,21.8,77,4.3,5
2026-08-05 03:00:00+00:00,22.1,76,4.7,55
2026-08-05 04:00:00+00:00,23.3,71,4.4,56
2026-08-05 05:00:00+00:00,25.4,62,2.2,4
2026-08-05 06:00:00+00:00,27.5,53,1.5,0
2026-08-05 07:00:00+00:00,29.6,45,1.2,0
2026-08-05 08:00:00+00:00,31.1,39,1.3,11
2026-08-05 09:00:00+00:00,31.9,34,3.3,25
2026-08-05 10:00:00+00:00,32.3,34,3.5,32
2026-08-05 11:00:00+00:00,32.6,34,3.3,23
2026-08-05 12:00:00+00:00,33.3,32,4.5,30
2026-08-05 13:00:00+00:00,33.0,33,4.4,34
2026-08-05 14:00:00+00:00,32.5,34,4.4,5
2026-08-05 15:00:00+00:00,32.0,36,4.7,16
2026-08-05 16:00:00+00:00,31.3,38,3.5,9
2026-08-05 17:00:00+00:00,30.2,47,1.6,16
2026-08-05 18:00:00+00:00,29.2,50,0.9,15
2026-08-05 19:00:00+00:00,28.4,54,0.6,9
2026-08-05 20:00:00+00:00,27.6,56,0.4,2
2026-08-05 21:00:00+00:00,27.3,58,0.2,2
2026-08-05 22:00:00+00:00,26.5,60,0.8,3
2026-08-05 23:00:00+00:00,25.5,64,2.6,2
2026-08-06 00:00:00+00:00,23.6,72,2.3,2
2026-08-06 01:00:00+00:00,22.9,74,4.1,2
2026-08-06 02:00:00+00:00,22.1,79,3.1,1
2026-08-06 03:00:00+00:00,22.1,80,4.4,1
2026-08-06 04:00:00+00:00,23.5,73,3.1,1
2026-08-06 05:00:00+00:00,25.6,62,3.1,1
2026-08-06 06:00:00+00:00,28.5,51,4.6,0
2026-08-06 07:00:00+00:00,30.6,43,5.0,0
2026-08-06 08:00:00+00:00,32.2,36,4.7,0
2026-08-06 09:00:00+00:00,33.2,33,4.3,0
2026-08-06 10:00:00+00:00,33.8,30,5.2,3
2026-08-06 11:00:00+00:00,34.1,30,6.1,3
2026-08-06 12:00:00+00:00,34.9,28,6.1,4
2026-08-06 13:00:00+00:00,34.8,28,5.3,2
2026-08-06 14:00:00+00:00,34.4,29,5.5,4
2026-08-06 15:00:00+00:00,33.9,30,4.6,5
2026-08-06 16:00:00+00:00,33.3,32,2.7,3
2026-08-06 17:00:00+00:00,31.8,36,3.6,4
2026-08-06 18:00:00+00:00,30.6,46,2.3,5
2026-08-06 19:00:00+00:00,29.9,49,2.2,4
2026-08-06 20:00:00+00:00,29.5,48,4.4,4
2026-08-06 21:00:00+00:00,28.7,48,5.4,3
2026-08-06 22:00:00+00:00,27.0,52,7.7,2
2026-08-06 23:00:00+00:00,25.6,54,8.4,2
2026-08-07 00:00:00+00:00,24.2,56,8.5,1
2026-08-07 01:00:00+00:00,23.4,57,8.0,2
2026-08-07 02:00:00+00:00,22.7,59,6.6,2
2026-08-07 03:00:00+00:00,22.8,58,5.9,2
2026-08-07 04:00:00+00:00,24.0,55,4.4,1
2026-08-07 05:00:00+00:00,26.2,48,2.8,0
2026-08-07 06:00:00+00:00,28.9,44,5.7,0
2026-08-07 07:00:00+00:00,31.4,37,7.6,1
2026-08-07 08:00:00+00:00,33.2,32,9.0,1
2026-08-07 09:00:00+00:00,34.3,27,9.0,21
2026-08-07 10:00:00+00:00,34.9,26,8.2,8
2026-08-07 11:00:00+00:00,35.1,25,8.5,8
2026-08-07 12:00:00+00:00,36.1,22,9.4,4
2026-08-07 13:00:00+00:00,35.7,23,8.6,3
2026-08-07 14:00:00+00:00,35.2,24,8.0,7
2026-08-07 15:00:00+00:00,34.5,25,7.1,9
2026-08-07 16:00:00+00:00,33.8,27,6.9,9
2026-08-07 17:00:00+00:00,32.7,30,4.4,9
2026-08-07 18:00:00+00:00,31.1,38,1.5,15
2026-08-07 19:00:00+00:00,30.3,37,3.9,19
2026-08-07 20:00:00+00:00,29.6,37,3.8,17
2026-08-07 21:00:00+00:00,28.9,39,3.6,21
2026-08-07 22:00:00+00:00,28.0,40,4.5,13
2026-08-07 23:00:00+00:00,26.8,45,7.5,6
2026-08-08 00:00:00+00:00,25.8,51,5.4,7
2026-08-08 01:00:00+00:00,24.6,58,4.2,6
2026-08-08 02:00:00+00:00,23.8,63,4.1,45
2026-08-08 03:00:00+00:00,23.9,63,2.1,38
2026-08-08 04:00:00+00:00,25.0,59,3.2,63
2026-08-08 05:00:00+00:00,26.0,54,5.2,53
2026-08-08 06:00:00+00:00,26.8,55,3.6,69
2026-08-08 07:00:00+00:00,28.6,49,9.0,32
2026-08-08 08:00:00+00:00,30.5,43,3.4,18
2026-08-08 09:00:00+00:00,31.8,38,2.8,9
2026-08-08 10:00:00+00:00,33.3,33,1.8,20
2026-08-08 11:00:00+00:00,32.6,34,2.6,72
2026-08-08 12:00:00+00:00,33.1,29,2.4,16
2026-08-08 13:00:00+00:00,33.5,28,2.9,11
2026-08-08 14:00:00+00:00,33.5,26,2.3,41
2026-08-08 15:00:00+00:00,31.8,30,5.3,49
2026-08-08 16:00:00+00:00,29.7,43,9.8,13
2026-08-08 17:00:00+00:00,28.9,50,10.0,6
2026-08-08 18:00:00+00:00,27.0,55,7.5,5
2026-08-08 19:00:00+00:00,25.9,61,8.0,14
2026-08-08 20:00:00+00:00,24.8,65,8.1,30
2026-08-08 21:00:00+00:00,23.5,70,10.5,9
2026-08-08 22:00:00+00:00,22.6,78,11.0,13
2026-08-08 23:00:00+00:00,21.8,84,12.7,13
2026-08-09 00:00:00+00:00,20.8,86,10.1,75
2026-08-09 01:00:00+00:00,20.4,89,9.7,44
2026-08-09 02:00:00+00:00,20.0,91,11.1,21
2026-08-09 03:00:00+00:00,20.0,91,11.3,48
2026-08-09 04:00:00+00:00,20.8,86,13.5,98
2026-08-09 05:00:00+00:00,21.8,81,13.8,100
2026-08-09 06:00:00+00:00,22.2,79,12.1,100
2026-08-09 07:00:00+00:00,22.9,77,12.8,100
2026-08-09 08:00:00+00:00,24.0,72,12.8,100
2026-08-09 09:00:00+00:00,24.8,67,12.6,100
2026-08-09 10:00:00+00:00,25.5,63,13.0,98
2026-08-09 11:00:00+00:00,26.1,58,13.6,99
2026-08-09 12:00:00+00:00,26.9,53,14.8,52
2026-08-09 13:00:00+00:00,27.4,50,15.0,23
2026-08-09 14:00:00+00:00,27.4,48,14.2,30
2026-08-09 15:00:00+00:00,26.8,49,14.1,27
2026-08-09 16:00:00+00:00,26.0,51,12.9,28
2026-08-09 17:00:00+00:00,24.9,54,12.4,53
2026-08-09 18:00:00+00:00,23.5,58,13.6,99
2026-08-09 19:00:00+00:00,22.9,58,13.9,73
2026-08-09 20:00:00+00:00,22.1,58,14.2,23
2026-08-09 21:00:00+00:00,21.3,59,14.3,9
2026-08-09 22:00:00+00:00,20.6,61,13.4,13
2026-08-09 23:00:00+00:00,20.0,63,12.8,2
2026-08-10 00:00:00+00:00,19.1,67,13.2,2
2026-08-10 01:00:00+00:00,18.6,70,12.0,3
2026-08-10 02:00:00+00:00,18.2,72,11.7,2
2026-08-10 03:00:00+00:00,18.0,73,12.0,1
2026-08-10 04:00:00+00:00,18.8,70,10.0,3
2026-08-10 05:00:00+00:00,20.1,65,10.8,5
2026-08-10 06:00:00+00:00,22.3,59,11.1,0
2026-08-10 07:00:00+00:00,24.0,53,12.2,0
2026-08-10 08:00:00+00:00,25.2,46,13.3,0
2026-08-10 09:00:00+00:00,26.2,43,12.4,4
2026-08-10 10:00:00+00:00,26.9,40,11.6,14
2026-08-10 11:00:00+00:00,27.4,39,10.6,2
2026-08-10 12:00:00+00:00,28.0,35,11.6,0
2026-08-10 13:00:00+00:00,28.1,34,10.9,0
2026-08-10 14:00:00+00:00,27.9,34,10.0,0
2026-08-10 15:00:00+00:00,27.4,35,9.4,2
2026-08-10 16:00:00+00:00,26.5,38,8.5,0
2026-08-10 17:00:00+00:00,25.1,45,7.1,0
2026-08-10 18:00:00+00:00,23.8,49,8.2,1
2026-08-10 19:00:00+00:00,22.7,54,7.8,0
2026-08-10 20:00:00+00:00,21.9,57,9.0,1
2026-08-10 21:00:00+00:00,21.2,59,9.1,3
2026-08-10 22:00:00+00:00,20.6,61,8.6,9
2026-08-10 23:00:00+00:00,20.1,63,8.7,32
2026-08-11 00:00:00+00:00,18.8,67,9.0,1
2026-08-11 01:00:00+00:00,18.3,70,8.5,94
2026-08-11 02:00:00+00:00,17.9,72,8.4,100
2026-08-11 03:00:00+00:00,17.8,72,8.1,89
2026-08-11 04:00:00+00:00,18.7,70,6.3,4
2026-08-11 05:00:00+00:00,20.2,63,7.0,16
2026-08-11 06:00:00+00:00,22.3,56,7.1,16
2026-08-11 07:00:00+00:00,24.3,51,6.2,46
2026-08-11 08:00:00+00:00,26.1,47,6.5,9
2026-08-11 09:00:00+00:00,27.6,42,6.6,2
2026-08-11 10:00:00+00:00,28.6,40,6.2,12
2026-08-11 11:00:00+00:00,29.2,39,6.3,24
2026-08-11 12:00:00+00:00,29.5,39,8.1,38
2026-08-11 13:00:00+00:00,29.6,39,7.9,34
2026-08-11 14:00:00+00:00,29.5,40,6.1,24
2026-08-11 15:00:00+00:00,29.0,42,5.2,18
2026-08-11 16:00:00+00:00,28.4,44,5.3,6
2026-08-11 17:00:00+00:00,27.0,53,2.9,7
2026-08-11 18:00:00+00:00,26.1,58,1.9,2
2026-08-11 19:00:00+00:00,25.4,59,2.7,2
2026-08-11 20:00:00+00:00,24.4,63,4.2,5
2026-08-11 21:00:00+00:00,23.2,67,6.4,3
2026-08-11 22:00:00+00:00,22.4,69,6.5,2
2026-08-11 23:00:00+00:00,22.0,69,7.8,16
2026-08-12 00:00:00+00:00,20.9,74,7.0,47
2026-08-12 01:00:00+00:00,20.7,72,13.1,40
2026-08-12 02:00:00+00:00,19.9,72,12.6,43
2026-08-12 03:00:00+00:00,19.4,74,11.5,9
2026-08-12 04:00:00+00:00,19.8,72,12.3,17
2026-08-12 05:00:00+00:00,20.6,68,12.0,29
2026-08-12 06:00:00+00:00,21.4,63,13.3,25
2026-08-12 07:00:00+00:00,22.4,58,13.7,16
2026-08-12 08:00:00+00:00,23.6,50,14.9,16
2026-08-12 09:00:00+00:00,24.3,43,15.7,5
2026-08-12 10:00:00+00:00,24.9,36,16.1,1
2026-08-12 11:00:00+00:00,25.0,34,16.6,0
2026-08-12 12:00:00+00:00,25.3,31,16.6,0
2026-08-12 13:00:00+00:00,24.7,32,17.4,0
2026-08-12 14:00:00+00:00,24.0,33,18.1,0
2026-08-12 15:00:00+00:00,23.0,37,17.4,2
2026-08-12 16:00:00+00:00,22.2,39,15.1,1
2026-08-12 17:00:00+00:00,21.1,43,12.5,8
2026-08-12 18:00:00+00:00,19.7,46,12.6,0
2026-08-12 19:00:00+00:00,18.6,49,13.9,1
2026-08-12 20:00:00+00:00,17.6,52,12.9,1
2026-08-12 21:00:00+00:00,16.6,55,11.5,0
2026-08-12 22:00:00+00:00,15.8,59,10.5,0
2026-08-12 23:00:00+00:00,15.0,63,11.0,0
2026-08-13 00:00:00+00:00,13.4,67,10.4,0
2026-08-13 01:00:00+00:00,12.9,70,9.9,0
2026-08-13 02:00:00+00:00,12.4,72,10.7,2
2026-08-13 03:00:00+00:00,12.2,72,11.1,23
2026-08-13 04:00:00+00:00,13.2,67,9.8,30
2026-08-13 05:00:00+00:00,14.7,61,9.8,12
2026-08-13 06:00:00+00:00,16.8,54,10.4,40
2026-08-13 07:00:00+00:00,18.5,45,12.0,38
2026-08-13 08:00:00+00:00,19.8,39,13.3,21
2026-08-13 09:00:00+00:00,21.2,35,15.2,38
2026-08-13 10:00:00+00:00,21.8,34,16.8,100
2026-08-13 11:00:00+00:00,21.2,35,16.5,84
2026-08-13 12:00:00+00:00,21.9,32,16.8,96
2026-08-13 13:00:00+00:00,22.1,32,17.4,88
2026-08-13 14:00:00+00:00,21.9,32,18.0,44
2026-08-13 15:00:00+00:00,21.2,35,17.1,76
2026-08-13 16:00:00+00:00,20.6,38,14.4,19
2026-08-13 17:00:00+00:00,19.5,43,10.7,11
2026-08-13 18:00:00+00:00,18.0,49,10.1,13
2026-08-13 19:00:00+00:00,17.2,52,10.5,5
2026-08-13 20:00:00+00:00,16.3,56,10.1,5
2026-08-13 21:00:00+00:00,15.3,60,8.7,4
2026-08-13 22:00:00+00:00,14.5,65,8.5,2
2026-08-13 23:00:00+00:00,13.7,68,9.0,2
2026-08-14 00:00:00+00:00,12.4,71,9.6,1
2026-08-14 01:00:00+00:00,11.9,74,9.4,1
2026-08-14 02:00:00+00:00,11.4,76,9.1,1
2026-08-14 03:00:00+00:00,11.3,77,9.1,0
2026-08-14 04:00:00+00:00,12.3,72,7.4,0
2026-08-14 05:00:00+00:00,14.0,65,8.4,0
2026-08-14 06:00:00+00:00,16.2,57,8.6,0
2026-08-14 07:00:00+00:00,17.8,50,10.2,0
2026-08-14 08:00:00+00:00,19.1,42,12.1,0
2026-08-14 09:00:00+00:00,20.2,37,12.7,2
2026-08-14 10:00:00+00:00,21.1,33,14.1,99
2026-08-14 11:00:00+00:00,20.3,36,14.4,45
2026-08-14 12:00:00+00:00,21.8,31,14.3,79
2026-08-14 13:00:00+00:00,21.6,32,15.1,77
2026-08-14 14:00:00+00:00,21.6,32,14.8,53
2026-08-14 15:00:00+00:00,21.1,33,13.2,38
2026-08-14 16:00:00+00:00,20.5,34,13.1,55
2026-08-14 17:00:00+00:00,19.2,41,9.4,34
2026-08-14 18:00:00+00:00,18.2,45,8.3,13
2026-08-14 19:00:00+00:00,17.0,51,6.9,4
2026-08-14 20:00:00+00:00,16.0,55,6.8,13
2026-08-14 21:00:00+00:00,15.3,58,6.7,3
2026-08-14 22:00:00+00:00,14.4,63,7.1,1
2026-08-14 23:00:00+00:00,13.7,66,6.3,1
2026-08-15 00:00:00+00:00,12.5,69,5.5,1
2026-08-15 01:00:00+00:00,11.8,73,4.9,0
2026-08-15 02:00:00+00:00,11.3,76,5.4,0
2026-08-15 03:00:00+00:00,11.3,77,5.6,0
2026-08-15 04:00:00+00:00,12.4,72,5.1,0
2026-08-15 05:00:00+00:00,14.7,63,3.6,0
2026-08-15 06:00:00+00:00,17.9,51,5.0,0
2026-08-15 07:00:00+00:00,20.0,39,7.7,0
2026-08-15 08:00:00+00:00,21.2,32,9.9,0
2026-08-15 09:00:00+00:00,22.0,30,10.2,0
2026-08-15 10:00:00+00:00,22.6,30,10.5,0
2026-08-15 11:00:00+00:00,23.6,29,11.5,95
2026-08-15 12:00:00+00:00,25.0,27,11.8,70
2026-08-15 13:00:00+00:00,24.3,29,13.1,100
2026-08-15 14:00:00+00:00,23.9,32,12.3,99
2026-08-15 15:00:00+00:00,23.3,35,12.4,88
2026-08-15 16:00:00+00:00,22.4,39,10.2,1
2026-08-15 17:00:00+00:00,21.1,46,5.0,3
2026-08-15 18:00:00+00:00,19.9,54,3.1,2
2026-08-15 19:00:00+00:00,19.1,56,2.9,2
2026-08-15 20:00:00+00:00,18.0,62,5.7,4
2026-08-15 21:00:00+00:00,17.2,66,6.3,2
2026-08-15 22:00:00+00:00,16.6,68,7.2,0
2026-08-15 23:00:00+00:00,16.2,70,7.0,9
2026-08-16 00:00:00+00:00,15.5,73,7.0,2
2026-08-16 01:00:00+00:00,15.2,74,7.0,2
2026-08-16 02:00:00+00:00,15.0,74,7.5,2
2026-08-16 03:00:00+00:00,15.0,74,8.2,1
2026-08-16 04:00:00+00:00,16.5,69,8.1,1
2026-08-16 05:00:00+00:00,18.9,61,6.1,0
2026-08-16 06:00:00+00:00,22.1,52,6.9,5
2026-08-16 07:00:00+00:00,24.4,44,9.5,0
2026-08-16 08:00:00+00:00,25.8,39,11.0,1
2026-08-16 09:00:00+00:00,26.9,34,11.0,1
2026-08-16 10:00:00+00:00,28.1,30,10.8,57
2026-08-16 11:00:00+00:00,28.4,30,9.9,99
2026-08-16 12:00:00+00:00,29.6,27,7.2,64
2026-08-16 13:00:00+00:00,29.2,27,8.2,91
2026-08-16 14:00:00+00:00,28.9,28,9.2,98
2026-08-16 15:00:00+00:00,28.2,31,10.2,24
2026-08-16 16:00:00+00:00,26.6,37,10.9,4
2026-08-16 17:00:00+00:00,24.9,44,8.8,3
2026-08-16 18:00:00+00:00,23.6,49,8.6,2
2026-08-16 19:00:00+00:00,22.6,52,9.2,2
2026-08-16 20:00:00+00:00,21.7,53,8.2,2
2026-08-16 21:00:00+00:00,20.8,55,9.0,2
2026-08-16 22:00:00+00:00,20.1,56,8.9,1
2026-08-16 23:00:00+00:00,19.4,58,8.2,1
2026-08-17 00:00:00+00:00,18.3,62,7.6,0
2026-08-17 01:00:00+00:00,17.8,63,7.9,0
2026-08-17 02:00:00+00:00,17.5,63,8.9,0
2026-08-17 03:00:00+00:00,17.7,62,9.6,0
2026-08-17 04:00:00+00:00,19.1,58,9.8,0
2026-08-17 05:00:00+00:00,21.3,52,7.9,0
2026-08-17 06:00:00+00:00,24.1,46,8.8,0
2026-08-17 07:00:00+00:00,26.4,40,11.0,0
2026-08-17 08:00:00+00:00,28.3,33,13.6,0
2026-08-17 09:00:00+00:00,29.4,27,15.5,0
2026-08-17 10:00:00+00:00,30.0,26,15.2,0
2026-08-17 11:00:00+00:00,30.3,26,14.9,2
2026-08-17 12:00:00+00:00,31.2,25,14.7,0
2026-08-17 13:00:00+00:00,30.8,26,15.1,0
2026-08-17 14:00:00+00:00,30.4,27,15.2,5
2026-08-17 15:00:00+00:00,29.8,29,13.5,11
2026-08-17 16:00:00+00:00,28.6,34,10.9,21
2026-08-17 17:00:00+00:00,26.4,41,11.6,7
2026-08-17 18:00:00+00:00,25.3,41,11.1,5
2026-08-17 19:00:00+00:00,24.5,40,9.7,8
2026-08-17 20:00:00+00:00,23.3,44,9.8,8
2026-08-17 21:00:00+00:00,22.4,47,11.4,2
2026-08-17 22:00:00+00:00,21.8,48,11.0,1
2026-08-17 23:00:00+00:00,21.3,48,11.2,2
2026-08-18 00:00:00+00:00,20.1,52,8.1,6
2026-08-18 01:00:00+00:00,19.6,53,6.9,2
2026-08-18 02:00:00+00:00,19.2,54,6.7,1
2026-08-18 03:00:00+00:00,18.9,55,7.7,1
2026-08-18 04:00:00+00:00,19.9,53,6.9,0
2026-08-18 05:00:00+00:00,21.8,47,5.6,2
2026-08-18 06:00:00+00:00,24.5,41,6.7,3
2026-08-18 07:00:00+00:00,26.9,38,8.3,0
2026-08-18 08:00:00+00:00,29.1,34,10.6,0
2026-08-18 09:00:00+00:00,30.7,28,14.1,20
2026-08-18 10:00:00+00:00,31.2,25,16.0,31
2026-08-18 11:00:00+00:00,31.4,25,15.6,91
2026-08-18 12:00:00+00:00,32.2,23,16.0,81
2026-08-18 13:00:00+00:00,31.7,23,17.0,70
2026-08-18 14:00:00+00:00,31.1,24,18.4,97
2026-08-18 15:00:00+00:00,30.1,26,17.1,32
2026-08-18 16:00:00+00:00,28.7,31,15.1,29
2026-08-18 17:00:00+00:00,27.0,33,15.6,1
2026-08-18 18:00:00+00:00,25.6,35,13.8,2
2026-08-18 19:00:00+00:00,24.8,36,14.5,19
2026-08-18 20:00:00+00:00,24.2,36,14.5,20
2026-08-18 21:00:00+00:00,23.4,38,12.1,2
2026-08-18 22:00:00+00:00,21.7,51,11.0,73
2026-08-18 23:00:00+00:00,20.4,64,9.2,63
2026-08-19 00:00:00+00:00,18.7,75,7.7,52
2026-08-19 01:00:00+00:00,18.4,80,9.2,84
2026-08-19 02:00:00+00:00,17.8,83,11.4,94
2026-08-19 03:00:00+00:00,17.0,82,10.5,82
2026-08-19 04:00:00+00:00,17.1,79,9.1,79
2026-08-19 05:00:00+00:00,17.8,74,9.1,23
2026-08-19 06:00:00+00:00,18.8,65,7.6,84
2026-08-19 07:00:00+00:00,20.2,58,8.5,100
2026-08-19 08:00:00+00:00,19.5,59,8.4,100
2026-08-19 09:00:00+00:00,19.6,58,6.4,100
2026-08-19 10:00:00+00:00,20.9,51,6.6,95
2026-08-19 11:00:00+00:00,23.3,39,7.5,100
2026-08-19 12:00:00+00:00,23.2,40,6.9,100
2026-08-19 13:00:00+00:00,23.6,37,6.1,100
2026-08-19 14:00:00+00:00,23.5,37,7.8,99
2026-08-19 15:00:00+00:00,23.1,39,8.7,100
2026-08-19 16:00:00+00:00,22.3,42,10.1,100
2026-08-19 17:00:00+00:00,21.6,45,8.8,100
2026-08-19 18:00:00+00:00,20.9,47,7.6,100
2026-08-19 19:00:00+00:00,20.1,51,5.9,94
2026-08-19 20:00:00+00:00,18.7,59,6.3,2
2026-08-19 21:00:00+00:00,17.8,64,7.3,1
2026-08-19 22:00:00+00:00,17.4,65,7.9,2
2026-08-19 23:00:00+00:00,16.9,66,7.3,1
2026-08-20 00:00:00+00:00,15.8,68,6.7,1
2026-08-20 01:00:00+00:00,15.2,70,4.9,6
2026-08-20 02:00:00+00:00,14.7,74,3.9,8
2026-08-20 03:00:00+00:00,14.5,76,5.2,1
2026-08-20 04:00:00+00:00,15.7,71,5.6,0
2026-08-20 05:00:00+00:00,18.1,62,4.4,0
2026-08-20 06:00:00+00:00,21.0,53,7.0,0
2026-08-20 07:00:00+00:00,23.0,45,10.2,4
2026-08-20 08:00:00+00:00,24.5,38,13.8,38
2026-08-20 09:00:00+00:00,25.3,34,14.5,63
2026-08-20 10:00:00+00:00,26.2,31,14.8,87
2026-08-20 11:00:00+00:00,26.8,29,15.0,82
2026-08-20 12:00:00+00:00,28.0,27,16.7,98
2026-08-20 13:00:00+00:00,27.2,30,15.1,65
2026-08-20 14:00:00+00:00,27.1,31,12.5,100
2026-08-20 15:00:00+00:00,26.8,33,14.0,5
2026-08-20 16:00:00+00:00,26.2,35,8.5,2
2026-08-20 17:00:00+00:00,24.2,43,11.0,0
2026-08-20 18:00:00+00:00,23.0,48,11.9,0
2026-08-20 19:00:00+00:00,22.4,49,12.2,1
2026-08-20 20:00:00+00:00,22.1,50,13.0,0
2026-08-20 21:00:00+00:00,21.9,53,13.8,1
2026-08-20 22:00:00+00:00,21.6,57,14.2,1
2026-08-20 23:00:00+00:00,21.6,61,14.8,8
2026-08-21 00:00:00+00:00,21.1,65,15.2,0
2026-08-21 01:00:00+00:00,20.6,68,14.5,9
2026-08-21 02:00:00+00:00,20.2,70,14.0,53
2026-08-21 03:00:00+00:00,19.9,70,13.5,9
2026-08-21 04:00:00+00:00,20.8,67,10.5,10
2026-08-21 05:00:00+00:00,22.1,62,13.1,13
2026-08-21 06:00:00+00:00,24.4,55,14.5,2
2026-08-21 07:00:00+00:00,26.3,50,14.8,0
2026-08-21 08:00:00+00:00,28.1,46,15.0,0
2026-08-21 09:00:00+00:00,29.8,41,15.4,0
2026-08-21 10:00:00+00:00,31.1,37,18.0,0
2026-08-21 11:00:00+00:00,31.8,35,19.3,0
2026-08-21 12:00:00+00:00,33.0,31,19.0,0
2026-08-21 13:00:00+00:00,32.6,31,18.1,0
2026-08-21 14:00:00+00:00,32.2,31,16.8,0
2026-08-21 15:00:00+00:00,31.4,32,15.2,5
2026-08-21 16:00:00+00:00,30.0,35,12.2,0
2026-08-21 17:00:00+00:00,28.0,40,12.0,0
2026-08-21 18:00:00+00:00,26.9,41,13.3,0
2026-08-21 19:00:00+00:00,25.8,43,13.0,1
2026-08-21 20:00:00+00:00,24.9,45,11.9,0
2026-08-21 21:00:00+00:00,24.0,46,9.9,0
2026-08-21 22:00:00+00:00,23.3,48,10.2,0
2026-08-21 23:00:00+00:00,22.5,49,9.1,1
2026-08-22 00:00:00+00:00,21.4,52,8.4,0
2026-08-22 01:00:00+00:00,20.7,55,6.4,0
2026-08-22 02:00:00+00:00,20.0,57,5.1,0
2026-08-22 03:00:00+00:00,19.5,59,5.7,0
2026-08-22 04:00:00+00:00,20.2,58,6.5,0
2026-08-22 05:00:00+00:00,22.2,52,4.9,0
2026-08-22 06:00:00+00:00,25.0,45,5.2,0
2026-08-22 07:00:00+00:00,27.7,39,6.0,0
2026-08-22 08:00:00+00:00,29.7,35,9.2,0
2026-08-22 09:00:00+00:00,30.9,33,12.2,0
2026-08-22 10:00:00+00:00,31.7,30,12.3,0
2026-08-22 11:00:00+00:00,32.2,28,12.3,0
2026-08-22 12:00:00+00:00,33.5,27,13.2,0
2026-08-22 13:00:00+00:00,33.4,27,12.7,0
2026-08-22 14:00:00+00:00,33.2,26,12.6,0
2026-08-22 15:00:00+00:00,32.6,27,12.3,0
2026-08-22 16:00:00+00:00,31.3,30,9.4,0
2026-08-22 17:00:00+00:00,29.5,35,9.9,0
2026-08-22 18:00:00+00:00,28.3,35,9.8,0
2026-08-22 19:00:00+00:00,27.1,36,10.2,0
2026-08-22 20:00:00+00:00,25.7,39,11.2,0
2026-08-22 21:00:00+00:00,24.6,41,11.0,0
2026-08-22 22:00:00+00:00,23.7,42,9.6,0
2026-08-22 23:00:00+00:00,23.0,42,8.6,0
2026-08-23 00:00:00+00:00,21.9,45,6.8,0
2026-08-23 01:00:00+00:00,21.2,46,6.0,0
2026-08-23 02:00:00+00:00,20.5,49,6.7,0
2026-08-23 03:00:00+00:00,19.9,52,9.2,0
2026-08-23 04:00:00+00:00,21.0,49,7.8,0
2026-08-23 05:00:00+00:00,23.1,43,6.6,0
2026-08-23 06:00:00+00:00,25.7,35,2.8,0
2026-08-23 07:00:00+00:00,28.3,31,3.8,0
2026-08-23 08:00:00+00:00,30.3,28,2.7,0
2026-08-23 09:00:00+00:00,31.5,27,4.1,0
2026-08-23 10:00:00+00:00,32.1,28,6.5,0
2026-08-23 11:00:00+00:00,32.0,32,11.0,9
2026-08-23 12:00:00+00:00,31.3,32,16.7,45
2026-08-23 13:00:00+00:00,30.3,41,16.9,11
2026-08-23 14:00:00+00:00,29.3,41,18.8,7
2026-08-23 15:00:00+00:00,27.0,42,19.2,5
2026-08-23 16:00:00+00:00,25.3,43,17.6,9
2026-08-23 17:00:00+00:00,24.2,45,16.0,11
2026-08-23 18:00:00+00:00,23.4,48,15.1,16
2026-08-23 19:00:00+00:00,22.7,50,14.9,47
2026-08-23 20:00:00+00:00,21.8,52,13.2,58
2026-08-23 21:00:00+00:00,21.6,51,14.3,98
2026-08-23 22:00:00+00:00,20.9,51,15.1,48
2026-08-23 23:00:00+00:00,19.8,54,14.2,0
2026-08-24 00:00:00+00:00,18.3,58,13.2,0
2026-08-24 01:00:00+00:00,17.6,61,11.3,1
2026-08-24 02:00:00+00:00,16.8,64,10.2,0
2026-08-24 03:00:00+00:00,16.1,66,9.7,0
2026-08-24 04:00:00+00:00,16.6,64,8.0,0
2026-08-24 05:00:00+00:00,18.0,58,9.1,0
2026-08-24 06:00:00+00:00,20.2,50,9.9,0
2026-08-24 07:00:00+00:00,21.8,42,12.0,0
2026-08-24 08:00:00+00:00,22.9,36,14.5,0
2026-08-24 09:00:00+00:00,23.7,32,15.6,0
2026-08-24 10:00:00+00:00,24.3,31,15.8,0
2026-08-24 11:00:00+00:00,24.7,31,15.5,0
2026-08-24 12:00:00+00:00,25.4,30,15.2,2
2026-08-24 13:00:00+00:00,25.1,31,14.4,2
2026-08-24 14:00:00+00:00,24.8,31,12.6,6
2026-08-24 15:00:00+00:00,24.2,31,11.9,11
2026-08-24 16:00:00+00:00,23.3,32,11.6,2
2026-08-24 17:00:00+00:00,22.0,37,10.3,3
2026-08-24 18:00:00+00:00,20.5,41,9.8,1
2026-08-24 19:00:00+00:00,19.4,45,9.1,1
2026-08-24 20:00:00+00:00,18.5,49,7.0,1
2026-08-24 21:00:00+00:00,17.7,52,5.3,0
2026-08-24 22:00:00+00:00,17.0,56,3.8,1
2026-08-24 23:00:00+00:00,16.2,60,2.8,1
2026-08-25 00:00:00+00:00,15.3,62,3.9,0
2026-08-25 01:00:00+00:00,14.4,66,6.9,4
2026-08-25 02:00:00+00:00,14.0,67,6.9,0
2026-08-25 03:00:00+00:00,13.6,68,7.2,0
2026-08-25 04:00:00+00:00,14.6,63,6.5,0
2026-08-25 05:00:00+00:00,16.6,55,5.4,1
2026-08-25 06:00:00+00:00,19.4,46,7.0,0
2026-08-25 07:00:00+00:00,21.6,36,10.2,0
2026-08-25 08:00:00+00:00,22.7,32,11.1,1
2026-08-25 09:00:00+00:00,24.0,28,15.2,52
2026-08-25 10:00:00+00:00,24.1,28,15.2,69
2026-08-25 11:00:00+00:00,24.2,27,15.2,65
2026-08-25 12:00:00+00:00,25.4,25,16.8,38
2026-08-25 13:00:00+00:00,25.1,25,16.9,20
2026-08-25 14:00:00+00:00,25.0,25,16.0,38
2026-08-25 15:00:00+00:00,24.6,26,12.8,98
2026-08-25 16:00:00+00:00,23.8,29,6.1,50
2026-08-25 17:00:00+00:00,22.2,35,2.4,2
2026-08-25 18:00:00+00:00,20.6,39,3.5,3
2026-08-25 19:00:00+00:00,20.3,39,2.9,2
2026-08-25 20:00:00+00:00,19.9,40,1.8,0
2026-08-25 21:00:00+00:00,18.6,44,1.9,1
2026-08-25 22:00:00+00:00,17.2,50,4.1,30
2026-08-25 23:00:00+00:00,16.5,54,4.6,63
2026-08-26 00:00:00+00:00,15.5,58,3.6,51
2026-08-26 01:00:00+00:00,15.4,58,3.5,66
2026-08-26 02:00:00+00:00,15.8,57,3.6,93
2026-08-26 03:00:00+00:00,15.9,57,4.5,97
2026-08-26 04:00:00+00:00,16.6,54,2.9,100
2026-08-26 05:00:00+00:00,16.7,54,4.9,100
2026-08-26 06:00:00+00:00,17.1,55,4.8,54
2026-08-26 07:00:00+00:00,20.7,42,4.8,97
2026-08-26 08:00:00+00:00,22.5,37,4.3,84
2026-08-26 09:00:00+00:00,23.6,34,4.2,100
2026-08-26 10:00:00+00:00,24.2,33,4.7,100
2026-08-26 11:00:00+00:00,24.0,34,4.3,100
2026-08-26 12:00:00+00:00,24.7,31,1.4,100
2026-08-26 13:00:00+00:00,23.8,36,1.7,100
2026-08-26 14:00:00+00:00,22.9,40,2.6,100
2026-08-26 15:00:00+00:00,21.9,44,3.2,100
2026-08-26 16:00:00+00:00,21.6,45,2.5,100
2026-08-26 17:00:00+00:00,21.0,51,5.6,100
2026-08-26 18:00:00+00:00,20.1,56,5.1,100
2026-08-26 19:00:00+00:00,19.6,62,6.0,100
2026-08-26 20:00:00+00:00,19.1,63,5.7,100
2026-08-26 21:00:00+00:00,19.2,56,7.7,100
2026-08-26 22:00:00+00:00,18.5,55,8.6,100
2026-08-26 23:00:00+00:00,18.1,57,6.2,100
2026-08-27 00:00:00+00:00,16.4,72,5.8,100
2026-08-27 01:00:00+00:00,16.0,75,6.6,100
2026-08-27 02:00:00+00:00,15.8,76,6.8,100
2026-08-27 03:00:00+00:00,15.8,74,7.8,100
2026-08-27 04:00:00+00:00,16.0,70,8.3,99
2026-08-27 05:00:00+00:00,16.9,65,8.4,100
2026-08-27 06:00:00+00:00,17.8,65,9.0,100
2026-08-27 07:00:00+00:00,19.2,61,9.9,95
2026-08-27 08:00:00+00:00,20.7,55,11.0,90
2026-08-27 09:00:00+00:00,21.7,49,13.2,98
2026-08-27 10:00:00+00:00,22.2,46,14.3,98
2026-08-27 11:00:00+00:00,22.3,45,14.3,84
2026-08-27 12:00:00+00:00,20.2,55,11.5,100
2026-08-27 13:00:00+00:00,19.6,60,9.8,100
2026-08-27 14:00:00+00:00,19.6,63,7.6,100
2026-08-27 15:00:00+00:00,19.4,64,6.1,100
2026-08-27 16:00:00+00:00,19.0,66,5.7,100
2026-08-27 17:00:00+00:00,18.5,68,6.9,100
2026-08-27 18:00:00+00:00,17.9,68,6.4,100
2026-08-27 19:00:00+00:00,17.8,66,5.6,100
2026-08-27 20:00:00+00:00,17.6,67,4.4,94
2026-08-27 21:00:00+00:00,17.2,71,7.5,59
2026-08-27 22:00:00+00:00,16.6,72,10.7,95
2026-08-27 23:00:00+00:00,15.8,71,13.1,33
2026-08-28 00:00:00+00:00,15.2,73,13.9,44
2026-08-28 01:00:00+00:00,14.7,76,13.0,58
2026-08-28 02:00:00+00:00,14.3,79,13.7,60
2026-08-28 03:00:00+00:00,14.0,80,14.7,37
2026-08-28 04:00:00+00:00,14.4,77,12.2,59
2026-08-28 05:00:00+00:00,15.6,70,13.9,48
2026-08-28 06:00:00+00:00,17.0,66,14.3,16
2026-08-28 07:00:00+00:00,18.8,61,15.2,2
2026-08-28 08:00:00+00:00,20.4,54,16.2,32
2026-08-28 09:00:00+00:00,21.9,47,17.4,42
2026-08-28 10:00:00+00:00,22.4,44,16.5,100
2026-08-28 11:00:00+00:00,22.1,44,15.2,100
2026-08-28 12:00:00+00:00,22.9,42,15.9,46
2026-08-28 13:00:00+00:00,23.1,41,15.0,64
2026-08-28 14:00:00+00:00,22.9,41,14.3,2
2026-08-28 15:00:00+00:00,22.3,42,15.3,2
2026-08-28 16:00:00+00:00,21.3,45,11.2,16
2026-08-28 17:00:00+00:00,20.1,50,10.6,20
2026-08-28 18:00:00+00:00,18.9,54,14.3,4
2026-08-28 19:00:00+00:00,17.7,57,14.0,1
2026-08-28 20:00:00+00:00,17.0,58,13.9,0
2026-08-28 21:00:00+00:00,16.3,60,12.9,1
2026-08-28 22:00:00+00:00,15.8,62,11.6,2
2026-08-28 23:00:00+00:00,15.3,65,11.2,0
2026-08-29 00:00:00+00:00,14.6,67,12.1,0
2026-08-29 01:00:00+00:00,14.3,70,11.7,0
2026-08-29 02:00:00+00:00,14.0,71,11.8,0
2026-08-29 03:00:00+00:00,13.7,71,11.6,0
2026-08-29 04:00:00+00:00,14.5,69,10.1,0
2026-08-29 05:00:00+00:00,16.1,63,8.6,0
2026-08-29 06:00:00+00:00,18.7,55,9.8,0
2026-08-29 07:00:00+00:00,20.9,49,10.5,0
2026-08-29 08:00:00+00:00,22.7,46,11.0,7
2026-08-29 09:00:00+00:00,24.1,42,10.6,32
2026-08-29 10:00:00+00:00,24.9,39,9.5,33
2026-08-29 11:00:00+00:00,25.3,38,9.0,17
2026-08-29 12:00:00+00:00,26.4,35,8.8,25
2026-08-29 13:00:00+00:00,26.3,34,9.4,8
2026-08-29 14:00:00+00:00,25.9,34,9.7,6
2026-08-29 15:00:00+00:00,25.2,36,9.1,0
2026-08-29 16:00:00+00:00,24.0,40,6.5,0
2026-08-29 17:00:00+00:00,22.6,46,7.1,1
2026-08-29 18:00:00+00:00,21.5,49,8.6,56
2026-08-29 19:00:00+00:00,20.5,51,8.5,62
2026-08-29 20:00:00+00:00,19.6,54,8.3,75
2026-08-29 21:00:00+00:00,18.7,58,9.6,95
2026-08-29 22:00:00+00:00,17.9,61,8.9,7
2026-08-29 23:00:00+00:00,17.0,62,8.9,0
2026-08-30 00:00:00+00:00,16.0,64,8.9,2
2026-08-30 01:00:00+00:00,15.3,65,8.5,1
2026-08-30 02:00:00+00:00,14.8,67,8.5,8
2026-08-30 03:00:00+00:00,14.3,67,8.4,0
2026-08-30 04:00:00+00:00,15.0,64,8.6,2
2026-08-30 05:00:00+00:00,16.8,57,6.5,2
2026-08-30 06:00:00+00:00,19.7,49,6.9,2
2026-08-30 07:00:00+00:00,22.0,43,8.0,11
2026-08-30 08:00:00+00:00,24.0,38,9.8,46
2026-08-30 09:00:00+00:00,25.7,35,9.9,84
2026-08-30 10:00:00+00:00,26.7,31,10.6,96
2026-08-30 11:00:00+00:00,27.1,29,9.9,98
2026-08-30 12:00:00+00:00,28.2,27,10.0,98
2026-08-30 13:00:00+00:00,27.8,27,9.6,99
2026-08-30 14:00:00+00:00,27.4,28,9.6,36
2026-08-30 15:00:00+00:00,26.7,30,9.7,68
2026-08-30 16:00:00+00:00,25.0,36,9.1,97
2026-08-30 17:00:00+00:00,23.5,40,8.7,28
2026-08-30 18:00:00+00:00,22.3,44,9.7,67
2026-08-30 19:00:00+00:00,21.0,47,11.6,80
2026-08-30 20:00:00+00:00,20.1,48,12.2,5
2026-08-30 21:00:00+00:00,19.2,49,11.3,8
2026-08-30 22:00:00+00:00,18.5,51,10.3,27
2026-08-30 23:00:00+00:00,18.1,52,9.0,26
2026-08-31 00:00:00+00:00,16.9,56,8.5,4
2026-08-31 01:00:00+00:00,16.4,58,9.0,6
2026-08-31 02:00:00+00:00,15.8,60,8.2,48
2026-08-31 03:00:00+00:00,15.3,62,7.4,64
2026-08-31 04:00:00+00:00,16.0,60,8.1,34
2026-08-31 05:00:00+00:00,18.0,52,6.5,80
2026-08-31 06:00:00+00:00,19.9,45,6.3,98
2026-08-31 07:00:00+00:00,21.4,41,6.5,90
2026-08-31 08:00:00+00:00,24.4,31,8.1,87
2026-08-31 09:00:00+00:00,25.7,27,10.1,85
2026-08-31 10:00:00+00:00,26.6,25,9.4,77
2026-08-31 11:00:00+00:00,27.0,25,8.8,46
2026-08-31 12:00:00+00:00,28.3,23,9.7,76
2026-08-31 13:00:00+00:00,27.8,24,10.1,58
2026-08-31 14:00:00+00:00,27.2,25,9.9,9
2026-08-31 15:00:00+00:00,26.4,26,9.1,39
2026-08-31 16:00:00+00:00,24.8,31,9.0,11
2026-08-31 17:00:00+00:00,23.4,34,9.8,4
2026-08-31 18:00:00+00:00,22.9,32,9.6,7
2026-08-31 19:00:00+00:00,22.0,33,9.0,4
2026-08-31 20:00:00+00:00,20.4,38,8.6,2
2026-08-31 21:00:00+00:00,19.2,41,9.0,2
2026-08-31 22:00:00+00:00,18.3,43,8.5,2
2026-08-31 23:00:00+00:00,17.8,43,8.5,20
2026-09-01 00:00:00+00:00,17.1,45,8.1,2
2026-09-01 01:00:00+00:00,16.5,46,7.6,0
2026-09-01 02:00:00+00:00,15.8,49,7.3,0
2026-09-01 03:00:00+00:00,15.1,52,7.2,0
2026-09-01 04:00:00+00:00,15.8,51,7.2,1
2026-09-01 05:00:00+00:00,17.8,45,5.1,0
2026-09-01 06:00:00+00:00,20.7,38,5.7,3
2026-09-01 07:00:00+00:00,23.6,31,7.4,2
2026-09-01 08:00:00+00:00,25.7,24,9.8,1
2026-09-01 09:00:00+00:00,26.9,20,10.6,42
2026-09-01 10:00:00+00:00,27.6,19,10.5,98
2026-09-01 11:00:00+00:00,28.0,18,9.8,94
2026-09-01 12:00:00+00:00,28.9,17,9.2,98
2026-09-01 13:00:00+00:00,28.4,18,9.3,99
2026-09-01 14:00:00+00:00,27.9,19,9.1,98
2026-09-01 15:00:00+00:00,27.1,20,9.0,23
2026-09-01 16:00:00+00:00,25.5,25,6.1,9
2026-09-01 17:00:00+00:00,23.5,31,5.9,20
2026-09-01 18:00:00+00:00,22.4,35,7.0,91
2026-09-01 19:00:00+00:00,21.1,40,6.8,99
2026-09-01 20:00:00+00:00,20.3,41,6.4,98
2026-09-01 21:00:00+00:00,19.9,41,6.9,100
2026-09-01 22:00:00+00:00,18.9,43,8.6,99
2026-09-01 23:00:00+00:00,17.9,45,8.8,71
2026-09-02 00:00:00+00:00,16.4,51,8.4,1
2026-09-02 01:00:00+00:00,16.3,49,8.1,12
2026-09-02 02:00:00+00:00,16.3,44,7.9,21
2026-09-02 03:00:00+00:00,15.4,45,4.3,9
2026-09-02 04:00:00+00:00,16.3,43,6.0,35
2026-09-02 05:00:00+00:00,18.0,38,5.6,88
2026-09-02 06:00:00+00:00,20.2,34,4.3,19
2026-09-02 07:00:00+00:00,23.0,30,4.0,79
2026-09-02 08:00:00+00:00,24.6,28,4.8,21
2026-09-02 09:00:00+00:00,26.2,26,4.9,96
2026-09-02 10:00:00+00:00,26.3,27,7.3,100
2026-09-02 11:00:00+00:00,25.6,32,9.0,70
2026-09-02 12:00:00+00:00,27.6,30,7.1,40
2026-09-02 13:00:00+00:00,27.4,31,9.9,20
2026-09-02 14:00:00+00:00,26.8,33,10.5,28
2026-09-02 15:00:00+00:00,26.0,37,10.5,46
2026-09-02 16:00:00+00:00,24.8,41,7.4,41
2026-09-02 17:00:00+00:00,23.3,47,8.6,16
2026-09-02 18:00:00+00:00,22.1,51,8.9,9
2026-09-02 19:00:00+00:00,21.1,54,9.2,77
2026-09-02 20:00:00+00:00,20.0,57,10.0,95
2026-09-02 21:00:00+00:00,19.2,60,8.5,73
2026-09-02 22:00:00+00:00,18.4,63,7.2,14
2026-09-02 23:00:00+00:00,17.7,66,6.0,4
2026-09-03 00:00:00+00:00,16.6,69,6.5,4
2026-09-03 01:00:00+00:00,16.0,72,5.6,9
2026-09-03 02:00:00+00:00,15.3,75,5.6,94
2026-09-03 03:00:00+00:00,14.9,77,5.1,99
2026-09-03 04:00:00+00:00,15.6,74,5.6,100
2026-09-03 05:00:00+00:00,17.3,66,3.4,100
2026-09-03 06:00:00+00:00,19.7,56,3.2,100
2026-09-03 07:00:00+00:00,21.8,47,3.7,100
2026-09-03 08:00:00+00:00,23.0,43,5.1,26
2026-09-03 09:00:00+00:00,24.2,39,6.5,27
2026-09-03 10:00:00+00:00,25.0,38,7.8,59
2026-09-03 11:00:00+00:00,25.4,38,8.7,98
2026-09-03 12:00:00+00:00,25.9,35,6.4,95
2026-09-03 13:00:00+00:00,25.7,35,6.1,94
2026-09-03 14:00:00+00:00,25.4,36,5.6,12
2026-09-03 15:00:00+00:00,24.8,37,5.8,27
2026-09-03 16:00:00+00:00,23.8,39,6.1,23
2026-09-03 17:00:00+00:00,23.0,42,4.6,56
2026-09-03 18:00:00+00:00,22.3,45,3.1,100
2026-09-03 19:00:00+00:00,22.0,46,1.6,84
2026-09-03 20:00:00+00:00,20.2,55,9.4,97
2026-09-03 21:00:00+00:00,17.6,72,9.9,88
2026-09-03 22:00:00+00:00,17.5,73,7.0,66
2026-09-03 23:00:00+00:00,16.8,77,7.3,38
2026-09-04 00:00:00+00:00,15.6,86,5.2,54
2026-09-04 01:00:00+00:00,15.2,90,7.8,13
2026-09-04 02:00:00+00:00,14.8,91,1.9,5
2026-09-04 03:00:00+00:00,14.8,90,1.1,4
2026-09-04 04:00:00+00:00,15.3,89,1.8,1
2026-09-04 05:00:00+00:00,16.4,84,2.6,0
2026-09-04 06:00:00+00:00,18.2,72,3.4,0
2026-09-04 07:00:00+00:00,20.3,59,1.9,0
2026-09-04 08:00:00+00:00,21.9,51,4.4,12
2026-09-04 09:00:00+00:00,23.1,45,6.9,11
2026-09-04 10:00:00+00:00,24.0,40,8.3,8
2026-09-04 11:00:00+00:00,24.6,38,8.9,6
2026-09-04 12:00:00+00:00,25.7,33,9.4,2
2026-09-04 13:00:00+00:00,25.7,32,9.7,3
2026-09-04 14:00:00+00:00,25.4,33,9.7,7
2026-09-04 15:00:00+00:00,24.8,34,9.4,4
2026-09-04 16:00:00+00:00,23.7,37,7.6,10
2026-09-04 17:00:00+00:00,22.7,41,5.6,5
2026-09-04 18:00:00+00:00,21.6,53,3.2,6
2026-09-04 19:00:00+00:00,20.6,54,3.6,96
2026-09-04 20:00:00+00:00,19.4,58,7.3,34
2026-09-04 21:00:00+00:00,18.6,59,9.4,26
2026-09-04 22:00:00+00:00,18.1,59,8.7,25
2026-09-04 23:00:00+00:00,17.6,59,9.8,70
2026-09-05 00:00:00+00:00,16.7,64,9.6,12
2026-09-05 01:00:00+00:00,16.5,64,10.6,30
2026-09-05 02:00:00+00:00,16.4,63,11.7,45
2026-09-05 03:00:00+00:00,16.0,65,11.4,67
2026-09-05 04:00:00+00:00,16.5,66,11.4,85
2026-09-05 05:00:00+00:00,18.2,64,10.3,92
2026-09-05 06:00:00+00:00,20.5,60,11.0,98
2026-09-05 07:00:00+00:00,22.6,54,13.8,95
2026-09-05 08:00:00+00:00,24.8,46,21.1,100
2026-09-05 09:00:00+00:00,24.8,46,21.8,100
2026-09-05 10:00:00+00:00,25.5,44,22.4,98
2026-09-05 11:00:00+00:00,26.2,42,22.2,45
2026-09-05 12:00:00+00:00,28.6,35,27.3,83
2026-09-05 13:00:00+00:00,27.6,39,18.1,13
2026-09-05 14:00:00+00:00,26.7,42,27.5,19
2026-09-05 15:00:00+00:00,25.3,51,20.4,27
2026-09-05 16:00:00+00:00,24.7,52,15.8,58
2026-09-05 17:00:00+00:00,21.9,67,14.8,94
2026-09-05 18:00:00+00:00,19.8,87,15.9,91
2026-09-05 19:00:00+00:00,18.7,94,13.5,96
2026-09-05 20:00:00+00:00,18.5,94,11.9,99
2026-09-05 21:00:00+00:00,18.2,95,13.8,100
2026-09-05 22:00:00+00:00,17.9,94,13.3,99
2026-09-05 23:00:00+00:00,17.2,91,11.0,100
2026-09-06 00:00:00+00:00,17.0,87,9.5,100
2026-09-06 01:00:00+00:00,16.2,84,9.6,99
2026-09-06 02:00:00+00:00,15.3,82,10.2,88
2026-09-06 03:00:00+00:00,14.6,81,10.2,0
2026-09-06 04:00:00+00:00,14.8,77,9.9,0
2026-09-06 05:00:00+00:00,16.2,71,8.1,0
2026-09-06 06:00:00+00:00,17.4,68,9.0,1
2026-09-06 07:00:00+00:00,18.6,59,11.7,30
2026-09-06 08:00:00+00:00,19.6,51,13.7,14
2026-09-06 09:00:00+00:00,20.3,45,14.7,19
2026-09-06 10:00:00+00:00,20.7,42,14.9,25
2026-09-06 11:00:00+00:00,21.2,44,14.5,17
2026-09-06 12:00:00+00:00,20.9,43,12.9,75
2026-09-06 13:00:00+00:00,17.7,66,15.0,66
2026-09-06 14:00:00+00:00,18.0,60,9.6,91
2026-09-06 15:00:00+00:00,16.3,73,11.3,71
2026-09-06 16:00:00+00:00,15.4,80,10.7,88
2026-09-06 17:00:00+00:00,14.4,86,12.5,87
2026-09-06 18:00:00+00:00,14.1,85,11.3,66
2026-09-06 19:00:00+00:00,13.4,88,10.8,76
2026-09-06 20:00:00+00:00,12.8,93,15.1,96
2026-09-06 21:00:00+00:00,12.1,94,13.7,72
2026-09-06 22:00:00+00:00,12.2,93,12.5,35
2026-09-06 23:00:00+00:00,12.1,93,12.8,7
2026-09-07 00:00:00+00:00,11.9,88,12.6,3
2026-09-07 01:00:00+00:00,11.7,88,12.2,0
2026-09-07 02:00:00+00:00,11.4,89,12.1,1
2026-09-07 03:00:00+00:00,11.2,90,11.8,5
2026-09-07 04:00:00+00:00,11.7,89,12.6,2
2026-09-07 05:00:00+00:00,13.0,83,14.5,43
2026-09-07 06:00:00+00:00,13.6,81,14.8,100
2026-09-07 07:00:00+00:00,14.6,76,14.4,100
2026-09-07 08:00:00+00:00,15.3,72,16.0,100
2026-09-07 09:00:00+00:00,15.6,69,17.6,100
2026-09-07 10:00:00+00:00,15.7,67,16.8,59
2026-09-07 11:00:00+00:00,16.9,61,16.9,24
2026-09-07 12:00:00+00:00,18.2,48,18.7,27
2026-09-07 13:00:00+00:00,18.4,44,20.4,32
2026-09-07 14:00:00+00:00,17.3,45,20.1,21
2026-09-07 15:00:00+00:00,16.8,48,15.5,99
2026-09-07 16:00:00+00:00,15.9,53,13.6,13
2026-09-07 17:00:00+00:00,15.0,57,12.5,3
2026-09-07 18:00:00+00:00,13.5,65,9.3,3
2026-09-07 19:00:00+00:00,12.6,69,8.3,5
2026-09-07 20:00:00+00:00,12.1,71,8.8,1
2026-09-07 21:00:00+00:00,11.6,72,9.7,17
2026-09-07 22:00:00+00:00,11.4,72,9.3,54
2026-09-07 23:00:00+00:00,11.2,73,9.8,100
2026-09-08 00:00:00+00:00,10.5,78,10.9,18
2026-09-08 01:00:00+00:00,10.4,82,11.0,13
2026-09-08 02:00:00+00:00,10.2,86,11.2,0
2026-09-08 03:00:00+00:00,9.9,89,11.4,1
2026-09-08 04:00:00+00:00,10.5,88,11.9,2
2026-09-08 05:00:00+00:00,12.0,83,10.5,0
2026-09-08 06:00:00+00:00,13.9,76,11.7,0
2026-09-08 07:00:00+00:00,15.7,69,11.3,13
2026-09-08 08:00:00+00:00,17.3,57,14.4,21
2026-09-08 09:00:00+00:00,18.3,50,16.6,84
2026-09-08 10:00:00+00:00,19.1,45,17.0,0
2026-09-08 11:00:00+00:00,19.8,41,17.3,0
2026-09-08 12:00:00+00:00,20.7,38,17.6,0
2026-09-08 13:00:00+00:00,20.7,38,16.8,56
2026-09-08 14:00:00+00:00,20.3,40,16.0,63
2026-09-08 15:00:00+00:00,19.3,45,13.0,97
2026-09-08 16:00:00+00:00,17.8,51,11.2,70
2026-09-08 17:00:00+00:00,16.4,57,9.6,2
2026-09-08 18:00:00+00:00,15.3,61,8.5,21
2026-09-08 19:00:00+00:00,14.5,65,7.4,0
2026-09-08 20:00:00+00:00,13.6,69,6.4,0
2026-09-08 21:00:00+00:00,12.7,73,5.1,0
2026-09-08 22:00:00+00:00,11.9,77,4.7,0
2026-09-08 23:00:00+00:00,11.2,81,4.2,0
2026-09-09 00:00:00+00:00,10.1,83,4.6,0
2026-09-09 01:00:00+00:00,9.6,85,4.6,0
2026-09-09 02:00:00+00:00,9.1,87,3.8,0
2026-09-09 03:00:00+00:00,8.8,88,3.1,0
2026-09-09 04:00:00+00:00,9.7,85,3.4,2
2026-09-09 05:00:00+00:00,11.5,79,0.6,68
2026-09-09 06:00:00+00:00,14.3,67,0.6,96
2026-09-09 07:00:00+00:00,16.8,56,1.1,92
2026-09-09 08:00:00+00:00,18.6,51,2.0,83
2026-09-09 09:00:00+00:00,19.9,47,4.2,61
2026-09-09 10:00:00+00:00,20.7,45,4.8,55
2026-09-09 11:00:00+00:00,21.3,44,5.0,50
2026-09-09 12:00:00+00:00,22.7,39,6.0,14
2026-09-09 13:00:00+00:00,22.9,38,6.4,18
2026-09-09 14:00:00+00:00,22.7,40,5.9,1
2026-09-09 15:00:00+00:00,22.0,46,2.5,0
2026-09-09 16:00:00+00:00,20.2,56,1.6,0
2026-09-09 17:00:00+00:00,18.5,63,3.7,0
2026-09-09 18:00:00+00:00,17.4,66,4.3,0
2026-09-09 19:00:00+00:00,16.1,72,4.7,0
2026-09-09 20:00:00+00:00,15.3,76,4.6,0
2026-09-09 21:00:00+00:00,14.7,76,4.9,0
2026-09-09 22:00:00+00:00,14.2,77,4.8,0
2026-09-09 23:00:00+00:00,13.7,78,4.8,0
2026-09-10 00:00:00+00:00,12.7,81,4.8,0
2026-09-10 01:00:00+00:00,12.6,80,4.4,0
2026-09-10 02:00:00+00:00,12.2,81,4.3,0
2026-09-10 03:00:00+00:00,12.0,81,5.1,0
2026-09-10 04:00:00+00:00,12.7,78,7.2,0
2026-09-10 05:00:00+00:00,14.9,73,6.7,0
2026-09-10 06:00:00+00:00,18.0,63,5.6,0
2026-09-10 07:00:00+00:00,20.8,56,5.9,0
2026-09-10 08:00:00+00:00,23.2,52,7.3,0
2026-09-10 09:00:00+00:00,25.0,47,8.3,0
2026-09-10 10:00:00+00:00,26.2,42,8.8,0
2026-09-10 11:00:00+00:00,26.8,40,10.2,0
2026-09-10 12:00:00+00:00,28.1,35,11.6,0
2026-09-10 13:00:00+00:00,28.2,34,12.6,2
2026-09-10 14:00:00+00:00,27.7,34,13.0,0
2026-09-10 15:00:00+00:00,26.4,38,12.1,0
2026-09-10 16:00:00+00:00,24.2,45,10.2,0
2026-09-10 17:00:00+00:00,22.7,50,10.1,0
2026-09-10 18:00:00+00:00,21.7,51,11.1,0
2026-09-10 19:00:00+00:00,20.9,53,10.9,0
2026-09-10 20:00:00+00:00,20.4,54,11.4,0
2026-09-10 21:00:00+00:00,19.9,56,11.4,0
2026-09-10 22:00:00+00:00,19.3,58,11.9,5
2026-09-10 23:00:00+00:00,18.7,60,12.1,9
2026-09-11 00:00:00+00:00,17.7,67,12.1,43
2026-09-11 01:00:00+00:00,17.5,69,12.1,44
2026-09-11 02:00:00+00:00,17.4,71,11.9,9
2026-09-11 03:00:00+00:00,16.9,74,10.6,20
2026-09-11 04:00:00+00:00,17.2,74,10.2,89
2026-09-11 05:00:00+00:00,18.5,71,8.6,73
2026-09-11 06:00:00+00:00,18.8,71,8.9,85
2026-09-11 07:00:00+00:00,20.7,67,9.3,80
2026-09-11 08:00:00+00:00,21.4,66,10.3,99
2026-09-11 09:00:00+00:00,20.7,68,14.0,70
2026-09-11 10:00:00+00:00,21.2,62,8.7,79
2026-09-11 11:00:00+00:00,22.6,50,9.2,43
2026-09-11 12:00:00+00:00,23.2,43,8.4,38
2026-09-11 13:00:00+00:00,23.2,40,10.3,31
2026-09-11 14:00:00+00:00,22.7,39,11.0,49
2026-09-11 15:00:00+00:00,21.8,42,10.6,15
2026-09-11 16:00:00+00:00,20.3,49,7.2,63
2026-09-11 17:00:00+00:00,19.0,57,4.3,76
2026-09-11 18:00:00+00:00,17.8,63,4.2,88
2026-09-11 19:00:00+00:00,17.1,66,3.7,84
2026-09-11 20:00:00+00:00,16.4,69,3.1,75
2026-09-11 21:00:00+00:00,15.5,71,4.0,94
2026-09-11 22:00:00+00:00,14.9,71,4.8,88
2026-09-11 23:00:00+00:00,14.5,70,5.1,73
2026-09-12 00:00:00+00:00,13.5,69,5.0,96
2026-09-12 01:00:00+00:00,13.2,70,5.3,65
2026-09-12 02:00:00+00:00,12.5,74,4.4,43
2026-09-12 03:00:00+00:00,12.0,77,4.2,59
2026-09-12 04:00:00+00:00,12.5,75,6.2,98
2026-09-12 05:00:00+00:00,13.8,71,4.6,97
2026-09-12 06:00:00+00:00,16.2,62,4.3,82
2026-09-12 07:00:00+00:00,18.0,56,3.7,88
2026-09-12 08:00:00+00:00,19.7,50,4.7,95
2026-09-12 09:00:00+00:00,21.1,45,5.1,100
2026-09-12 10:00:00+00:00,21.9,43,5.0,100
2026-09-12 11:00:00+00:00,22.2,42,6.7,99
2026-09-12 12:00:00+00:00,23.3,39,7.0,100
2026-09-12 13:00:00+00:00,23.2,39,9.4,99
2026-09-12 14:00:00+00:00,22.7,41,11.0,78
2026-09-12 15:00:00+00:00,21.8,43,11.7,72
2026-09-12 16:00:00+00:00,20.5,47,11.8,93
2026-09-12 17:00:00+00:00,19.1,52,11.9,93
2026-09-12 18:00:00+00:00,17.6,56,12.5,99
2026-09-12 19:00:00+00:00,17.5,54,12.3,95
2026-09-12 20:00:00+00:00,17.5,52,12.4,99
2026-09-12 21:00:00+00:00,17.5,50,11.7,34
2026-09-12 22:00:00+00:00,17.0,52,10.5,56
2026-09-12 23:00:00+00:00,16.6,55,9.4,95
2026-09-13 00:00:00+00:00,15.2,71,10.2,80
2026-09-13 01:00:00+00:00,14.7,77,11.4,85
2026-09-13 02:00:00+00:00,14.2,81,10.9,93
2026-09-13 03:00:00+00:00,13.9,83,9.2,87
2026-09-13 04:00:00+00:00,14.1,82,9.1,68
2026-09-13 05:00:00+00:00,15.1,77,7.0,34
2026-09-13 06:00:00+00:00,16.2,73,7.5,89
2026-09-13 07:00:00+00:00,17.8,67,7.9,94
2026-09-13 08:00:00+00:00,18.3,66,8.7,86
2026-09-13 09:00:00+00:00,19.8,61,8.4,74
2026-09-13 10:00:00+00:00,20.8,58,8.5,98
2026-09-13 11:00:00+00:00,21.3,56,9.3,63
2026-09-13 12:00:00+00:00,22.3,55,11.0,53
2026-09-13 13:00:00+00:00,21.8,57,11.9,91
2026-09-13 14:00:00+00:00,21.0,59,12.6,100
2026-09-13 15:00:00+00:00,19.8,63,13.1,100
2026-09-13 16:00:00+00:00,18.1,69,13.8,99
2026-09-13 17:00:00+00:00,17.1,73,12.4,98
2026-09-13 18:00:00+00:00,16.0,80,13.1,98
2026-09-13 19:00:00+00:00,15.2,83,12.6,93
2026-09-13 20:00:00+00:00,14.5,86,12.9,96
2026-09-13 21:00:00+00:00,14.1,87,12.1,94
2026-09-13 22:00:00+00:00,13.9,87,11.7,99
2026-09-13 23:00:00+00:00,13.7,87,12.6,100
2026-09-14 00:00:00+00:00,13.9,85,13.5,100
2026-09-14 01:00:00+00:00,13.9,84,12.5,100
2026-09-14 02:00:00+00:00,13.9,83,13.0,100
2026-09-14 03:00:00+00:00,13.9,82,13.3,100
2026-09-14 04:00:00+00:00,14.0,82,12.7,100
2026-09-14 05:00:00+00:00,14.6,79,13.4,100
2026-09-14 06:00:00+00:00,14.6,80,13.4,100
2026-09-14 07:00:00+00:00,15.4,77,13.0,100
2026-09-14 08:00:00+00:00,16.9,72,13.2,99
2026-09-14 09:00:00+00:00,17.5,71,13.5,100
2026-09-14 10:00:00+00:00,17.6,73,14.2,99
2026-09-14 11:00:00+00:00,18.4,70,14.1,100
2026-09-14 12:00:00+00:00,18.4,71,11.8,100
2026-09-14 13:00:00+00:00,18.2,73,12.1,100
2026-09-14 14:00:00+00:00,17.6,78,11.8,100
2026-09-14 15:00:00+00:00,17.0,83,12.1,83
2026-09-14 16:00:00+00:00,16.9,82,12.6,48
2026-09-14 17:00:00+00:00,16.4,84,12.7,95
2026-09-14 18:00:00+00:00,16.4,88,12.9,98
2026-09-14 19:00:00+00:00,16.2,91,10.8,52
2026-09-14 20:00:00+00:00,15.6,94,10.7,18
2026-09-14 21:00:00+00:00,15.2,96,11.6,23
2026-09-14 22:00:00+00:00,14.8,97,12.4,72
2026-09-14 23:00:00+00:00,14.8,97,12.6,99
2026-09-15 00:00:00+00:00,14.0,98,12.3,99
2026-09-15 01:00:00+00:00,14.3,98,8.8,100
2026-09-15 02:00:00+00:00,14.3,98,11.2,100
2026-09-15 03:00:00+00:00,13.8,98,13.2,100
2026-09-15 04:00:00+00:00,13.4,97,13.4,100
2026-09-15 05:00:00+00:00,13.4,97,8.9,100
2026-09-15 06:00:00+00:00,12.9,97,10.4,100
2026-09-15 07:00:00+00:00,13.2,96,12.3,100
2026-09-15 08:00:00+00:00,13.6,94,12.0,100
2026-09-15 09:00:00+00:00,14.8,84,13.1,100
2026-09-15 10:00:00+00:00,15.4,85,13.3,100
2026-09-15 11:00:00+00:00,15.0,86,14.0,100
2026-09-15 12:00:00+00:00,14.4,86,16.3,100
2026-09-15 13:00:00+00:00,13.8,90,14.8,100
2026-09-15 14:00:00+00:00,13.6,91,15.7,100
2026-09-15 15:00:00+00:00,13.3,91,17.0,100
2026-09-15 16:00:00+00:00,13.0,90,17.3,100
2026-09-15 17:00:00+00:00,12.8,89,17.7,97
2026-09-15 18:00:00+00:00,12.7,89,15.1,100
2026-09-15 19:00:00+00:00,12.7,88,13.6,100
2026-09-15 20:00:00+00:00,12.5,87,13.9,100
2026-09-15 21:00:00+00:00,12.3,86,14.1,100
2026-09-15 22:00:00+00:00,12.2,85,14.0,100
2026-09-15 23:00:00+00:00,12.1,82,14.0,100
